,Date,LCID,PSNY,FORD,TSLA,LI,NIO,LCID_z_norm,PSNY_z_norm,FORD_z_norm,TSLA_z_norm,LI_z_norm,NIO_z_norm
166,2021-05-18,19.3799991607666,10.0,2.440000057220459,192.6233367919922,19.40999984741211,34.189998626708984,-0.35178078498701326,0.22835876670042804,1.1619524971558914,-1.1727408303020477,-1.4955002158310429,0.6684131428039208
167,2021-05-19,18.96999931335449,9.779999732971191,2.470000028610229,187.82000732421875,19.549999237060547,33.459999084472656,-0.3931081581429039,0.13068868156018104,1.2193590566314705,-1.251369169592944,-1.4695356097677101,0.6057408849752733
168,2021-05-20,19.790000915527344,9.760000228881836,2.8299999237060547,195.5933380126953,20.270000457763672,34.33000183105469,-0.3104532195732253,0.12180981384992376,1.9082382265652105,-1.1241232484262678,-1.3360025414620522,0.6804327625597236
169,2021-05-21,19.809999465942383,9.760000228881836,2.650000095367432,193.6266632080078,20.489999771118164,34.060001373291016,-0.30843739551671423,0.12180981384992376,1.5637988697117318,-1.1563168289114945,-1.295200967113783,0.6572525585681168
170,2021-05-24,19.399999618530277,9.760000228881836,2.5299999713897705,202.14666748046875,20.809999465942383,35.88999938964844,-0.3497647686726042,0.12180981384992376,1.3341721755826312,-1.0168481975820094,-1.2358530939740358,0.8143623933985836
171,2021-05-25,20.280000686645508,9.729999542236328,2.400000095367432,201.56333923339844,19.989999771118164,36.06999969482422,-0.26106197341759785,0.1084908772026836,1.085410417855119,-1.026397018173296,-1.3879321073299444,0.8298158627263215
172,2021-05-26,19.989999771118164,9.729999542236328,2.440000057220459,206.3766632080078,22.81999969482422,37.7599983215332,-0.29029363320283114,0.1084908772026836,1.1619524971558914,-0.9476050733084297,-0.8630738678561192,0.9749064053021369
173,2021-05-27,19.8799991607666,9.75,2.8299999237060547,210.2833404541016,23.649999618530277,38.90999984741211,-0.3013815306741814,0.11737016830084371,1.9082382265652105,-0.883654526907898,-0.7091401892469394,1.07363686739589
174,2021-05-28,19.71999931335449,9.699999809265137,2.8499999046325684,208.4066619873047,23.299999237060547,38.619998931884766,-0.31750927667365614,0.09517236394334627,1.9465092662155972,-0.9143749078888902,-0.7740520581464986,1.04873957486774
175,2021-06-01,21.559999465942383,9.760000228881836,2.7100000381469727,207.96665954589844,23.809999465942383,42.34000015258789,-0.13204000542180278,0.12180981384992376,1.6786119886628907,-0.9215775496155987,-0.6794662526770665,1.3681108376394546
176,2021-06-02,23.559999465942383,9.779999732971191,2.690000057220459,201.7066650390625,24.34000015258789,41.15999984741211,0.06955701182952458,0.13068868156018104,1.640340949012504,-1.024050839308718,-0.5811711167010936,1.2668049064914624
177,2021-06-03,22.959999084472656,9.800000190734863,2.650000095367432,190.94667053222656,24.959999084472656,40.900001525878906,0.009077868202546847,0.13956797265834114,1.5637988697117318,-1.2001871015676246,-0.4661847009281404,1.2444834105187028
178,2021-06-04,23.950000762939453,9.760000228881836,2.7100000381469727,199.68333435058597,25.63999938964844,41.93999862670898,0.1088685609289038,0.12180981384992376,1.6786119886628907,-1.0571718510857764,-0.34007029363556374,1.3337697219108917
179,2021-06-07,26.5,9.760000228881836,2.880000114440918,201.7100067138672,26.68000030517578,43.68000030517578,0.3659046810211872,0.12180981384992376,2.003916281917957,-1.0239961375977265,-0.14718935219015938,1.4831531495786414
180,2021-06-08,26.63999938964844,9.800000190734863,2.990000009536743,201.19667053222656,28.46999931335449,43.560001373291016,0.3800164107062532,0.13956797265834114,2.2144069999950835,-1.0323992196122196,0.18478794583826025,1.4728509458605334
181,2021-06-09,26.489999771118164,9.800000190734863,2.890000104904175,199.5933380126953,27.43000030517578,42.7400016784668,0.3648966728639828,0.13956797265834114,2.0230518017431502,-1.058645050590012,-0.008092641865917061,1.4024519533680169
182,2021-06-10,25.3799991607666,9.789999961853027,2.8399999141693115,203.3733367919922,27.0,42.7599983215332,0.25301026676696886,0.1351283271092611,1.927373746390404,-0.9967681736171107,-0.08784147905041231,1.4041687144034087
183,2021-06-11,25.13999938964844,9.770000457763672,2.930000066757202,203.29666137695312,28.11000061035156,45.68000030517578,0.22881864776775765,0.1262494593990038,2.0995938810439236,-0.9980233156158869,0.1180217654266583,1.6548580732191502
184,2021-06-14,24.1200008392334,9.79699993133545,2.819999933242798,205.89666748046875,28.239999771118164,46.54999923706055,0.12600431508558252,0.13823599431603656,1.8891027067400172,-0.9554623871105198,0.14213170623672108,1.7295496233024492
185,2021-06-15,22.61000061035156,9.800000190734863,2.7300000190734863,199.7866668701172,28.209999084472656,45.150001525878906,-0.026201456010117707,0.13956797265834114,1.7168830283132774,-1.0554803442965803,0.13656771047690966,1.6093563732547838
186,2021-06-16,24.040000915527344,9.800000190734863,3.1600000858306885,201.6233367919922,28.399999618530277,45.02000045776367,0.11794044208584534,0.13956797265834114,2.5397112932501495,-1.0254148851704725,0.17180564280659527,1.5981954615178284
187,2021-06-17,23.549999237060547,9.800000190734863,3.2100000381469727,205.5333404541016,30.8799991607666,47.36000061035156,0.06854900367232022,0.13956797265834114,2.635388892376116,-0.9614098868384516,0.6317520133808614,1.7990902352772697
188,2021-06-18,23.399999618530277,9.800000190734863,3.0,207.7700042724609,30.11000061035156,46.90999984741211,0.05342926583005056,0.13956797265834114,2.2335425198202765,-0.92479670784052,0.4889463262913045,1.7604565619579249
189,2021-06-21,22.959999084472656,9.786999702453612,2.869999885559082,206.94332885742188,30.11000061035156,46.5099983215332,0.009077868202546847,0.1337963487669557,1.9847803058659839,-0.9383290119335936,0.4889463262913045,1.7261154462293626
190,2021-06-22,23.420000076293945,9.829999923706056,2.880000114440918,207.90333557128903,28.93000030517578,44.09999847412109,0.0554452821444589,0.15288648591767925,2.003916281917957,-0.9226141345499118,0.2701007787825676,1.519211026342595
191,2021-06-23,25.059999465942383,9.789999961853027,3.009999990463257,218.85667419433597,31.18000030517578,45.40999984741211,0.2207547747680201,0.1351283271092611,2.25267803964547,-0.74331291621807,0.6873909097552946,1.6316778692275433
192,2021-06-24,24.850000381469727,9.779999732971191,3.039999961853028,226.60667419433597,30.68000030517578,45.459999084472656,0.1995871802404216,0.13068868156018104,2.310084599121051,-0.6164489079103248,0.594659769539133,1.635970426818326
193,2021-06-25,25.18000030517578,9.789999961853027,3.069999933242798,223.9566650390625,31.68000030517578,45.06999969482422,0.2328506803965747,0.1351283271092611,2.36749115859663,-0.659828363844546,0.7801220499714561,1.6024880191086108
194,2021-06-28,27.0,9.789999961853027,2.9800000190734863,229.5733337402344,33.709999084472656,49.400001525878906,0.416303935334019,0.1351283271092611,2.19527148016989,-0.5678860277455362,1.1566102528546867,1.974229335990865
195,2021-06-29,26.31999969482422,9.760000228881836,2.9600000381469727,226.9199981689453,34.25,50.34000015258789,0.3477609187073041,0.12180981384992376,2.1570004405195036,-0.6113199356112466,1.25676005408393,2.0549305322014897
196,2021-06-30,28.81999969482422,9.765000343322754,2.9600000381469727,226.5666656494141,34.939998626708984,53.20000076293945,0.5997571902714632,0.12402963662446378,2.1570004405195036,-0.6171038297652086,1.3847287728885496,2.300468625407601
197,2021-07-01,27.71999931335449,9.739999771118164,2.9800000190734863,225.97332763671875,34.689998626708984,50.900001525878906,0.4888787923316533,0.11293052275176366,2.19527148016989,-0.6268165057099677,1.3383632027804688,2.1030080287212467
198,2021-07-02,27.020000457763672,9.729999542236328,3.130000114440918,226.3000030517578,32.66999816894531,50.400001525878906,0.41831995164842767,0.1084908772026836,2.4823047337745696,-0.6214689763464255,0.9637293114092818,2.060081797811119
199,2021-07-06,26.3799991607666,9.75,3.069999933242798,219.8600006103516,33.58000183105469,50.290000915527344,0.35380877539263256,0.11737016830084371,2.36749115859663,-0.7268889148275169,1.1325006657858516,2.0506379746107073
200,2021-07-07,25.520000457763672,9.729999542236328,2.880000114440918,214.88333129882807,32.029998779296875,46.040000915527344,0.26712218870993215,0.1084908772026836,2.003916281917957,-0.8083547492639068,0.8450335651297876,1.6857650118746261
201,2021-07-08,24.959999084472656,10.229999542236328,2.789999961853028,217.60333251953125,31.790000915527344,45.59999847412109,0.21067488545387422,0.33046807400185224,1.8316961472644382,-0.7638295547528918,0.8005230140162043,1.6479897190729766
202,2021-07-09,25.549999237060547,10.300000190734863,2.7699999809265137,218.98333740234372,31.81999969482422,45.52999877929688,0.2701460209236476,0.3615451694575098,1.7934251076140506,-0.7412394965699434,0.8060866560347887,1.6419800729456522
203,2021-07-12,26.850000381469727,10.260000228881836,2.869999885559082,228.5666656494141,32.810001373291016,46.34000015258789,0.40118419749174894,0.3437870106490924,1.9847803058659839,-0.5843647308470808,0.9896946249550683,1.711520684920472
204,2021-07-13,25.90999984741211,10.149999618530272,2.740000009536743,222.8466644287109,32.52000045776367,44.959999084472656,0.3064335455514138,0.2949517563850167,1.7360185481384707,-0.6779985737352875,0.9359103938339056,1.5930441959081987
205,2021-07-14,23.790000915527344,10.039999961853027,2.6700000762939453,217.7933349609375,30.32999992370605,43.04999923706055,0.09274081492942941,0.2461169255088454,1.6020699093621176,-0.7607193003909494,0.5297479006395739,1.4290660069315588
206,2021-07-15,22.959999084472656,9.989999771118164,2.5999999046325684,216.86666870117188,30.979999542236328,43.68000030517578,0.009077868202546847,0.223919121151348,1.4681208143589846,-0.7758884095622285,0.6502983121723391,1.4831531495786414
207,2021-07-16,22.790000915527344,10.010000228881836,2.539999961853028,214.7400054931641,30.31999969482422,42.79999923706055,-0.008057693696234268,0.2327984122495081,1.3533076954078254,-0.8107009281284835,0.5278932353863041,1.4076028914764953
208,2021-07-19,22.200000762939453,9.9399995803833,2.740000009536743,215.4066619873047,30.540000915527344,43.34999847412109,-0.06752882916600765,0.20172131679385055,1.7360185481384707,-0.7997880616754428,0.5686951634758004,1.4548216799774043
209,2021-07-20,24.280000686645508,9.93000030517578,2.6600000858306885,220.1666717529297,30.729999542236328,44.16999816894531,0.1421320610850569,0.19728209463267254,1.5829343895369241,-0.7218688463914171,0.6039327420642584,1.5252206724699213
210,2021-07-21,23.43000030517578,9.949999809265137,2.7300000190734863,218.42999267578125,33.40999984741211,46.77000045776367,0.05645329030166325,0.2061609623429306,1.7168830283132774,-0.75029750043932,1.1009717102214807,1.7484372697032735
211,2021-07-22,22.899999618530277,9.989999771118164,2.6600000858306885,216.4199981689453,32.93000030517578,46.06999969482422,0.003030011517218717,0.223919121151348,1.5829343895369241,-0.7832002049314176,1.01194990051186,1.6883404809288654
212,2021-07-23,24.25,10.0,2.5799999237060547,214.4600067138672,30.280000686645508,43.9900016784668,0.13910803661344387,0.22835876670042804,1.4298497747085979,-0.8152843819946617,0.5204749281144492,1.509767530643335
213,2021-07-26,26.82999992370605,9.960000038146973,2.5899999141693115,219.2066650390625,30.770000457763672,43.16999816894531,0.3991681811773399,0.21060060789201066,1.448985294533791,-0.7375837237750995,0.6113514030773403,1.439368210649667
214,2021-07-27,25.18000030517578,9.9399995803833,2.619999885559082,214.9266662597656,26.479999542236328,39.36000061035156,0.2328506803965747,0.20172131679385055,1.506391854009371,-0.8076453754775333,-0.18428194977311482,1.1122705407152347
215,2021-07-28,24.07999992370605,9.93000030517578,2.559999942779541,215.66000366210935,30.63999938964844,41.84000015258789,0.12197228245676477,0.19728209463267254,1.3915787350582112,-0.7956409725996859,0.5872411085260517,1.3251846067293274
216,2021-07-29,23.350000381469727,9.90999984741211,2.7799999713897705,225.7833404541016,30.65999984741211,42.619998931884766,0.048389417301926065,0.18840280353451322,1.812560627439244,-0.6299265102924074,0.590950439032592,1.3921494221487574
217,2021-07-30,23.71999931335449,9.899999618530272,2.619999885559082,229.0666656494141,33.38999938964844,44.68000030517578,0.0856847578289986,0.1839631579854324,1.506391854009371,-0.5761799561175488,1.0972623797149397,1.569005611398896
218,2021-08-02,23.770000457763672,9.899999618530272,2.630000114440918,236.55667114257807,33.68000030517578,45.84999847412109,0.09072479861502071,0.1839631579854324,1.5255278300613442,-0.45357194074854074,1.1510466108361024,1.6694528345280402
219,2021-08-03,23.57999992370605,9.899999618530272,2.609999895095825,236.5800018310547,32.540000915527344,44.56999969482422,0.07157302814393293,0.1839631579854324,1.4872563341841778,-0.4531900278896087,0.9396197243404466,1.5595617881984836
220,2021-08-04,22.6299991607666,9.890000343322754,2.569999933242798,236.97332763671875,32.689998626708984,45.09000015258789,-0.024185631953606263,0.17952393582425594,1.4107142548834046,-0.4467514616602647,0.9674386419158226,1.604205107645154
221,2021-08-05,22.75,9.890000343322754,2.680000066757202,238.2100067138672,31.350000381469727,45.59999847412109,-0.01208972632505167,0.17952393582425594,1.6212054291873108,-0.42650758234189384,0.7189195115784386,1.6479897190729766
222,2021-08-06,23.3799991607666,9.890000343322754,2.7300000190734863,233.0333404541016,30.350000381469727,43.84000015258789,0.0514132495156415,0.17952393582425594,1.7168830283132774,-0.5112472767141941,0.5334572311461154,1.4968895303698362
223,2021-08-09,23.5,9.899999618530272,2.680000066757202,237.9199981689453,30.68000030517578,45.209999084472656,0.0635091551441961,0.1839631579854324,1.6212054291873108,-0.4312548915615436,0.594659769539133,1.6145073113632622
224,2021-08-10,24.459999084472656,9.880000114440918,2.680000066757202,236.663330078125,30.38999938964844,44.220001220703125,0.16027563114104237,0.17508429027517589,1.6212054291873108,-0.4518259820278542,0.540875538417971,1.5295135575618553
225,2021-08-11,24.46999931335449,9.859999656677246,2.609999895095825,235.94000244140625,30.71999931335449,43.970001220703125,0.16128363929824638,0.16620499917701578,1.4872563341841778,-0.46366652955222953,0.6020780768109872,1.5080504421067915
226,2021-08-12,23.850000381469727,9.880000114440918,2.559999942779541,240.75,30.11000061035156,42.470001220703125,0.0987886716147579,0.17508429027517589,1.3915787350582112,-0.3849290366188525,0.4889463262913045,1.37927174937641
227,2021-08-13,23.479999542236328,9.90999984741211,2.5999999046325684,239.05667114257807,28.65999984741211,41.02999877929688,0.061493138829787394,0.18840280353451322,1.4681208143589846,-0.412648067100881,0.22002587816794586,1.2556439947545075
228,2021-08-16,22.82999992370605,9.869999885559082,2.5199999809265137,228.72332763671875,27.65999984741211,38.619998931884766,-0.004025853325314839,0.17064464472609583,1.315036655757438,-0.581800244697542,0.034563597735622766,1.04873957486774
229,2021-08-17,22.559999465942383,9.869999885559082,2.430000066757202,221.90333557128903,28.030000686645508,38.09999847412109,-0.031241496796139103,0.17064464472609583,1.1428169773306982,-0.693440442123017,0.1031847971417222,1.0040962554210688
230,2021-08-18,22.549999237060547,9.84000015258789,2.4100000858306885,229.663330078125,28.51000022888184,38.86000061035156,-0.03224950495334345,0.15732613146675853,1.1045459376803115,-0.5664128282413015,0.19220660685134347,1.0693443098051074
231,2021-08-19,21.709999084472656,9.829999923706056,2.3499999046325684,224.4900054931641,27.540000915527344,36.290000915527344,-0.11692026757953276,0.15288648591767925,0.9897323625023718,-0.6510978209026104,0.012308322178831127,0.8487035091271459
232,2021-08-20,21.670000076293945,9.81999969482422,2.4200000762939453,226.7533264160156,28.559999465942383,36.91999816894531,-0.12095210795045254,0.1484468403685992,1.1236814575055047,-0.6140482771142585,0.20147957937646815,0.9027903242730771
233,2021-08-23,21.649999618530277,9.760000228881836,2.4600000381469727,235.43333435058597,29.200000762939453,38.16999816894531,-0.1229681242648609,0.12180981384992376,1.2002235368062781,-0.4719604579242417,0.32017567939718933,1.010105901548395
234,2021-08-24,22.82999992370605,9.760000228881836,2.619999885559082,236.163330078125,30.459999084472656,38.93999862670898,-0.004025853325314839,0.12180981384992376,1.506391854009371,-0.4600107567573861,0.5538578414496367,1.0762123364501286
235,2021-08-25,21.809999465942383,9.779999732971191,2.5799999237060547,237.0666656494141,30.63999938964844,38.95000076293945,-0.10684037826538686,0.13068868156018104,1.4298497747085979,-0.4452235604450376,0.5872411085260517,1.0770710444689764
236,2021-08-26,21.479999542236328,9.850000381469728,2.539999961853028,233.72000122070312,29.6200008392334,38.2599983215332,-0.14010387842153998,0.16176577701583936,1.3533076954078254,-0.5000069493337116,0.3980698513284141,1.017832636212264
237,2021-08-27,21.030000686645508,9.869999885559082,2.650000095367432,237.30667114257807,29.34000015258789,38.04999923706055,-0.18546309194835006,0.17064464472609583,1.5637988697117318,-0.4412947786542428,0.3461402854605219,0.999803697830287
238,2021-08-30,20.6299991607666,9.829999923706056,2.539999961853028,243.6366729736328,29.030000686645508,37.79999923706055,-0.22578264920493363,0.15288648591767925,1.3533076954078254,-0.3376755006048271,0.2886470775740453,0.9783405823752234
239,2021-08-31,19.959999084472656,9.829999923706056,2.5999999046325684,245.2400054931641,30.86000061035156,39.310001373291016,-0.29331765767444423,0.15288648591767925,1.4681208143589846,-0.3114296696270343,0.6280430366155468,1.1079779831244523
240,2021-09-01,17.790000915527344,9.850000381469728,2.5,244.69667053222656,30.46999931335449,39.08000183105469,-0.5120502368245526,0.16176577701583936,1.2767656161070513,-0.3203238181429397,0.5557125067029064,1.088231956205932
241,2021-09-02,18.65999984741211,9.869999885559082,2.509999990463257,244.1300048828125,31.200000762939453,40.34999847412109,-0.424355641984648,0.17064464472609583,1.2959011359322445,-0.3295998795177758,0.6911002402618355,1.1972642945166412
242,2021-09-03,19.559999465942383,9.960000038146973,2.5199999809265137,244.52333068847656,30.280000686645508,40.369998931884766,-0.33363702267313017,0.21060060789201066,1.315036655757438,-0.32316131328843173,0.5204749281144492,1.198981383053185
243,2021-09-07,19.88999938964844,10.0,2.450000047683716,250.97332763671875,30.989999771118164,40.59000015258789,-0.3003735225169767,0.22835876670042804,1.1810880169810847,-0.21757776923337,0.6521529774256096,1.2178690294540093
244,2021-09-08,18.93000030517578,9.989999771118164,2.440000057220459,251.2899932861328,30.21999931335449,38.13999938964844,-0.3971399985138233,0.223919121151348,1.1619524971558914,-0.2123940952232999,0.5093469365948257,1.0075304324941559
245,2021-09-09,19.850000381469727,10.0,2.390000104904175,251.6199951171875,30.6200008392334,38.45000076293945,-0.3044053628878968,0.22835876670042804,1.0662748980299248,-0.20699211392826855,0.5835321317607371,1.0341448135588494
246,2021-09-10,19.93000030517578,10.0,2.4100000858306885,245.42333984375,30.190000534057617,37.97999954223633,-0.29634148988815967,0.22835876670042804,1.1045459376803115,-0.30842856890757286,0.5037832945762419,0.9937940517029613
247,2021-09-13,20.059999465942383,9.989999771118164,2.380000114440918,247.6666717529297,29.57999992370605,38.38999938964844,-0.2832377683602983,0.223919121151348,1.0471393782047316,-0.27170623626715973,0.3906511903153315,1.0289935479492196
248,2021-09-14,18.950000762939453,9.869999885559082,2.309999942779541,248.163330078125,29.809999465942383,37.88999938964844,-0.39512398219941464,0.17064464472609583,0.9131902832015986,-0.2635761632486192,0.43330742991687204,0.9860673170390923
249,2021-09-15,19.90999984741211,9.920000076293944,2.3399999141693115,251.94332885742188,29.739999771118164,38.02999877929688,-0.29835750620256835,0.1928424490835925,0.9705968426771785,-0.20169928627571784,0.42032512688520574,0.9980866092937444
250,2021-09-16,21.170000076293945,9.9399995803833,2.309999942779541,252.3300018310547,28.8799991607666,37.09000015258789,-0.1713513622632844,0.20172131679385055,0.9131902832015986,-0.1953696239093522,0.2608274525162152,0.9173854130831192
251,2021-09-17,22.959999084472656,9.970000267028809,2.259999990463257,253.163330078125,29.09000015258789,37.5099983215332,0.009077868202546847,0.2150402534410907,0.8175126840756319,-0.1817284159532997,0.2997747153524411,0.9534432898470733
252,2021-09-20,24.06999969482422,9.93000030517578,2.180000066757202,243.38999938964844,26.90999984741211,35.16999816894531,0.12096427429956078,0.19728209463267254,0.6644285254740854,-0.3417134360381039,-0.10453311258861955,0.752548516087632
253,2021-09-21,26.809999465942383,9.9399995803833,2.200000047683716,246.4600067138672,27.059999465942383,34.900001525878906,0.39715216486293153,0.20172131679385055,0.7026995651244721,-0.2914587993046166,-0.0767138412720165,0.7293686395971766
254,2021-09-22,24.950000762939453,9.949999809265137,2.2799999713897705,250.64666748046875,27.309999465942383,35.70000076293945,0.2096670695545675,0.2061609623429306,0.8557837237260186,-0.22292504881740993,-0.030348271163935722,0.7980505435531497
255,2021-09-23,25.420000076293945,9.949999809265137,2.2799999713897705,251.2133331298828,27.270000457763672,36.0099983215332,0.25704229939578627,0.2061609623429306,0.8557837237260186,-0.21364898744257385,-0.03776657843579059,0.8246645971166917
256,2021-09-24,25.43000030517578,9.979999542236328,2.259999990463257,258.1300048828125,26.11000061035156,35.380001068115234,0.25805030755299063,0.21947947560226794,0.8175126840756319,-0.10042618709088108,-0.2529027954379879,0.7705777819707604
257,2021-09-27,25.88999938964844,10.449999809265137,2.289999961853028,263.78668212890625,26.90999984741211,36.77000045776367,0.30441752923700544,0.42813815914209924,0.8749192435512128,-0.007828929136988023,-0.10453311258861955,0.8899126515007298
258,2021-09-28,24.540000915527344,10.3100004196167,2.5199999809265137,259.1866760253906,26.1299991607666,35.04999923706055,0.16833969639867719,0.36598481500658986,1.315036655757438,-0.0831289565604829,-0.2491938186726733,0.7422463123695239
259,2021-09-29,26.280000686645508,10.3100004196167,2.3499999046325684,260.4366760253906,25.729999542236328,35.130001068115234,0.3437290783363843,0.36598481500658986,0.9897323625023718,-0.062667019736653,-0.3233786600973571,0.7491146665156969
260,2021-09-30,25.3799991607666,10.220000267028809,2.390000104904175,258.49334716796875,26.290000915527344,35.630001068115234,0.25301026676696886,0.32602885184067504,1.0662748980299248,-0.09447843758344654,-0.21951952836157274,0.7920408974258241
261,2021-10-01,24.61000061035156,10.239999771118164,2.319999933242798,258.4066772460937,26.290000915527344,35.380001068115234,0.17539556124120967,0.3349077195509323,0.9323258030267918,-0.0958971851561935,-0.21951952836157274,0.7705777819707604
262,2021-10-04,24.13999938964844,10.170000076293944,2.259999990463257,260.510009765625,25.57999992370605,33.400001525878906,0.12802013914209398,0.3038310474831768,0.8175126840756319,-0.06146657944886826,-0.35119793141396083,0.6005899468667949
263,2021-10-05,24.020000457763672,10.140000343322754,2.2300000190734863,260.1966552734375,26.989999771118164,33.869998931884766,0.11592442577143663,0.29051253422384027,0.760106124600052,-0.0665960513069514,-0.08969614430368279,0.6409403812215316
264,2021-10-06,24.290000915527344,10.140000343322754,2.1700000762939453,260.9166564941406,27.38999938964844,33.65999984741211,0.14314006924226125,0.29051253422384027,0.6452930056488921,-0.05480995571406521,-0.015511302878998295,0.6229114428395545
265,2021-10-07,24.3799991607666,10.130000114440918,2.220000028610229,264.53668212890625,28.780000686645508,35.9900016784668,0.1522117581413052,0.2860728886747602,0.7409706047748579,0.004448232957309907,0.24228150746596452,0.8229478360812998
266,2021-10-08,23.229999542236328,10.149999618530272,2.200000047683716,261.8299865722656,28.489999771118164,35.83000183105469,0.03629351167337147,0.2949517563850167,0.7026995651244721,-0.039859153827747316,0.18849727634480185,0.8092114552901052
267,2021-10-11,22.8700008392334,10.109999656677246,2.180000066757202,263.9800109863281,28.21999931335449,35.63999938964844,6.179303502923146e-06,0.2771935975766001,0.6644285254740854,-0.004664222843556327,0.1384223757301795,0.79289927794352
268,2021-10-12,23.059999465942383,10.109999656677246,2.140000104904175,268.5733337402344,28.030000686645508,35.5099983215332,0.019157757516692738,0.2771935975766001,0.5878864461733122,0.07052640115795566,0.1031847971417222,0.7817383662065646
269,2021-10-13,22.59000015258789,10.0600004196167,2.180000066757202,270.3599853515625,28.690000534057617,36.2400016784668,-0.028217472324526052,0.2549962166070055,0.6644285254740854,0.09977308307570763,0.22558987392775728,0.8444109515363635
270,2021-10-14,24.01000022888184,10.0600004196167,2.1700000762939453,272.7733459472656,29.450000762939453,36.27999877929688,0.11491641761423264,0.2549962166070055,0.6452930056488921,0.13927870870962586,0.36654124950527006,0.8478448011082992
271,2021-10-15,24.07999992370605,10.010000228881836,2.190000057220459,281.010009765625,30.63999938964844,37.709999084472656,0.12197228245676477,0.2327984122495081,0.6835640452992787,0.2741091844619418,0.5872411085260517,0.9706138477113544
272,2021-10-18,25.34000015258789,10.010000228881836,2.130000114440918,290.03668212890625,30.43000030517578,39.61000061035156,0.24897842639604909,0.2327984122495081,0.5687509263481189,0.42187174416343953,0.5482941994310522,1.1337336561702982
273,2021-10-19,24.729999542236328,10.029999732971191,2.2100000381469727,288.0899963378906,31.1200008392334,40.02999877929688,0.187491274611867,0.24167727995976535,0.7218350849496654,0.39000537482615233,0.6762632719768987,1.1697915329342532
274,2021-10-20,24.239999771118164,10.050000190734863,2.190000057220459,288.6000061035156,31.21999931335449,39.77999877929688,0.1381000284562395,0.25055657105792545,0.6835640452992787,0.39835400490915635,0.6948092170271488,1.1483284174791895
275,2021-10-21,24.459999084472656,10.199999809265137,2.2699999809265137,298.0,32.040000915527344,39.970001220703125,0.16027563114104237,0.31714956074251494,0.8366482039008253,0.5522276699125562,0.846888584124285,1.164640594825774
276,2021-10-22,24.11000061035156,10.220000267028809,2.289999961853028,303.2266540527344,32.290000915527344,38.880001068115234,0.12499630692837782,0.32602885184067504,0.8749192435512128,0.6377856419342084,0.8932541542323659,1.0710613983416508
277,2021-10-25,26.850000381469727,10.34000015258789,2.2699999809265137,341.6199951171875,34.25,41.27000045776367,0.40118419749174894,0.37930332826592716,0.8366482039008253,1.266267337387483,1.25676005408393,1.2762487296918745
278,2021-10-26,26.3799991607666,10.5,2.25,339.4766540527344,33.08000183105469,40.470001220703125,0.35380877539263256,0.4503359634995967,0.7983771642504386,1.231181809825275,1.0397695255696902,1.2075668257359014
279,2021-10-27,27.020000457763672,10.350000381469728,2.1700000762939453,345.9533386230469,32.66999816894531,39.310001373291016,0.41831995164842767,0.383742973815008,0.6452930056488921,1.3372022182297616,0.9637293114092818,1.1079779831244523
280,2021-10-28,35.47999954223633,10.710000038146973,2.309999942779541,359.0133361816406,33.40999984741211,40.790000915527344,1.2710752423377516,0.5435664030907637,0.9131902832015986,1.5509884942004157,1.1009717102214807,1.2350395873182907
281,2021-10-29,36.9900016784668,10.720000267028809,2.259999990463257,371.3333435058594,32.630001068115234,39.40999984741211,1.423281205691349,0.5480060486398437,0.8175126840756319,1.7526614634302442,0.9563113578786538,1.116563098306017
282,2021-11-01,36.52999877929688,10.960000038146973,2.2300000190734863,402.86334228515625,32.34000015258789,40.84000015258789,1.3769135994915402,0.654555001490348,0.760106124600052,2.268793337892169,0.9025271267574911,1.239332144909073
283,2021-11-02,35.130001068115234,10.729999542236328,2.2300000190734863,390.6666564941406,31.190000534057617,41.29999923706055,1.2357959181250875,0.5524452708010209,0.760106124600052,2.0691390865994768,0.689245575008565,1.2788241987461137
284,2021-11-03,36.54499816894531,10.6899995803833,2.289999961853028,404.6199951171875,30.959999084472656,41.5,1.378425515598397,0.5346871119926035,0.8749192435512128,2.2975489533085094,0.6465889816657981,1.2959947566103949
285,2021-11-04,37.119998931884766,10.539999961853027,2.2100000381469727,409.9700012207031,31.959999084472656,43.119998931884766,1.4363847349613128,0.46809412230801406,0.7218350849496654,2.385126142826302,0.8320512620981213,1.4350756530588846
286,2021-11-05,41.79999923706055,10.6899995803833,2.220000028610229,407.36334228515625,31.0,42.290000915527344,1.9081217860906825,0.5346871119926035,0.7409706047748579,2.3424563104579565,0.6540076426788801,1.3638182800486722
287,2021-11-08,45.91999816894531,11.3100004196167,2.2699999809265137,387.6466674804688,31.350000381469727,43.20000076293945,2.323411533963994,0.8099392086049272,0.8366482039008253,2.0197032270743462,0.7189195115784386,1.4419440072050576
288,2021-11-09,44.77999877929688,11.199999809265137,2.319999933242798,341.1666564941406,29.979999542236328,40.63999938964844,2.2085012956532655,0.7611039543408522,0.9323258030267918,1.2588463883758134,0.46483603174001603,1.222161587044792
289,2021-11-10,40.75,10.670000076293944,2.25,355.9833374023437,29.63999938964844,39.54999923706055,1.8022834289368947,0.5258082442823454,0.7983771642504386,1.5013887793218115,0.40177882809372867,1.1285823905606684
290,2021-11-11,44.97999954223633,11.0600004196167,2.200000047683716,354.5033264160156,30.63999938964844,42.20000076293945,2.2286610742815567,0.6989506102053428,0.7026995651244721,1.4771616662811562,0.5872411085260517,1.3560915453848033
291,2021-11-12,43.93000030517578,12.8100004196167,2.2300000190734863,344.47332763671875,30.399999618530277,42.66999816894531,2.122822717127769,1.4758707990024331,0.760106124600052,1.3129751051891054,0.5427302036712415,1.3964419797395398
292,2021-11-15,44.880001068115234,14.779999732971191,2.130000114440918,337.7966613769531,29.850000381469727,40.56999969482422,2.2185813772253082,2.3504606495518674,0.5687509263481189,1.2036810866282086,0.4407260909299539,1.2161519409174661
293,2021-11-16,55.52000045776367,15.329999923706056,2.0999999046325684,351.57666015625,32.7599983215332,40.66999816894531,3.2910774474798425,2.5946356507085344,0.5113439106457591,1.429253458191749,0.980420944947489,1.2247370560990312
294,2021-11-17,52.54999923706055,14.550000190734863,1.850000023841858,363.0033264160156,32.18000030517578,39.66999816894531,2.991705753816567,2.248351342250443,0.0329556869025363,1.6163028366831993,0.8728531901876176,1.1388845942787766
295,2021-11-18,47.04999923706055,13.390000343322754,2.059999942779541,365.4599914550781,30.979999542236328,38.40999984741211,2.4373139563754167,1.7333643134184364,0.43480183134498585,1.656517336544486,0.6502983121723391,1.0307106364857628
296,2021-11-19,55.209999084472656,13.760000228881836,1.9900000095367432,379.0199890136719,30.600000381469727,38.65999984741211,3.2598297713802005,1.897627388243273,0.30085319256863263,1.8784883872446723,0.5798228012541963,1.0521737519408263
297,2021-11-22,51.119998931884766,13.9399995803833,1.9600000381469729,385.6233215332031,31.190000534057617,41.4900016784668,2.847563855720604,1.9775388911871998,0.2434466330930531,1.986581965517784,0.689245575008565,1.2951363760926988
298,2021-11-23,52.43999862670898,13.420000076293944,1.8799999952316284,369.6766662597656,31.739999771118164,42.040000915527344,2.980617856345216,1.746682826677773,0.09036224637811624,1.7255424033126068,0.7912496877498519,1.3423551645936085
299,2021-11-24,52.56999969482422,14.050000190734863,1.8600000143051147,372.0,32.619998931884766,41.41999816894531,2.9937217701309757,2.0263741454512747,0.052091206727729614,1.7635743298832853,0.9544563388841564,1.289126402464222
300,2021-11-26,51.720001220703125,13.539999961853027,1.870000004768372,360.6400146484375,32.400001525878906,39.9900016784668,2.9080431916054796,1.799957303103026,0.07122672655292378,1.5776164878166414,0.913655118277114,1.1663576833623173
301,2021-11-29,55.060001373291016,14.109999656677246,1.850000023841858,378.9966735839844,34.47999954223633,40.459999084472656,3.244710225795828,2.053011171969949,0.0329556869025363,1.8781067241652434,1.29941629368547,1.206708117717054
302,2021-11-30,52.97999954223633,13.460000038146973,1.840000033378601,381.586669921875,35.439998626708984,39.130001068115234,3.0350491432868663,1.764440985486191,0.013820167077342984,1.9205037973171384,1.4774599131047113,1.0925245137967143
303,2021-12-01,51.13999938964844,12.869999885559082,1.809999942779541,365.0,35.099998474121094,38.310001373291016,2.849579872035013,1.5025078255211077,-0.043586620511626865,1.648987483669838,1.414402709458423,1.022125521304198
304,2021-12-02,48.40999984741211,12.520000457763672,1.7100000381469729,361.5333251953125,33.90999984741211,36.20000076293945,2.5743999896288465,1.3471240417944315,-0.2349418187635596,1.5922395789960153,1.1937028504376421,0.8409767744632769
305,2021-12-03,47.27000045776367,11.949999809265137,1.6399999856948853,338.3233337402344,28.5,32.150001525878906,2.4594897513181175,1.0940697495396052,-0.36889068565330313,1.2123024759276633,0.19035194159807234,0.49327436959147697
306,2021-12-06,44.86000061035156,12.199999809265137,1.690000057220459,336.336669921875,30.51000022888184,32.34000015258789,2.2165653609108995,1.2050583479391894,-0.27321285841394666,1.1797816842944966,0.5631311677159897,0.5095862194369108
307,2021-12-07,43.880001068115234,12.050000190734863,1.7799999713897705,350.5833435058594,30.940000534057617,33.119998931884766,2.1177828685996447,1.1384653582546,-0.1009931799872068,1.412993312154668,0.6428800049004842,0.5765510348563408
308,2021-12-08,44.720001220703125,12.3100004196167,1.870000004768372,356.32000732421875,31.59000015258789,35.04999923706055,2.202453631225834,1.2538936022032645,0.07122672655292378,1.5068999142593242,0.7634304164332488,0.7422463123695239
309,2021-12-09,36.52000045776367,11.630000114440918,1.870000004768372,334.6000061035156,31.09000015258789,34.04999923706055,1.3759057835922328,0.9520044790722662,0.07122672655292378,1.1513532800260962,0.6706992762170874,0.6563938505492695
310,2021-12-10,37.65999984741211,11.56999969482422,1.809999942779541,339.010009765625,32.459999084472656,34.2599983215332,1.490816021902962,0.9253670291656895,-0.043586620511626865,1.2235430530876485,0.9247824023142828,0.6744227889312466
311,2021-12-13,39.150001525878906,11.649999618530272,1.919999957084656,322.1366577148437,31.36000061035156,33.65999984741211,1.6410059689421508,0.9608833467825226,0.16690432567888994,0.9473338821521864,0.7207741768317084,0.6229114428395545
312,2021-12-14,40.869998931884766,11.31999969482422,1.659999966621399,319.5033264160156,31.059999465942383,32.29999923706055,1.8143791423075517,0.8143784307661052,-0.3306196460029165,0.9042274352139194,0.6651352804572759,0.5061520423638243
313,2021-12-15,40.810001373291016,11.59000015258789,1.7200000286102295,325.3299865722656,30.440000534057617,30.790000915527344,1.8083314778801207,0.9342463202638488,-0.2158062989383667,0.9996072368228108,0.5501488646843227,0.37651496911574683
314,2021-12-16,40.04999923706055,11.130000114440918,1.7400000095367432,308.97332763671875,29.989999771118164,30.06999969482422,1.731724395995771,0.7300272822730975,-0.17753525928798009,0.7318560993923366,0.4666906969932865,0.3147010918047952
315,2021-12-17,40.0099983215332,11.140000343322754,1.600000023841858,310.8566589355469,29.940000534057617,30.0,1.7276923633669536,0.7344669278221776,-0.4454327649540764,0.7626853842363067,0.45741772446816115,0.30869144567746953
316,2021-12-20,37.9900016784668,11.220000267028809,1.559999942779541,299.9800109863281,28.25,28.15999984741211,1.5240797143170128,0.7699832454390123,-0.5219750723682396,0.5846395576827443,0.14398637148999155,0.15072290282815543
317,2021-12-21,38.02000045776367,11.25,1.6399999856948853,312.84332275390625,29.96999931335449,30.15999984741211,1.5271035465307283,0.7833017586983496,-0.36889068565330313,0.7952061758694732,0.46298136648674487,0.3224278264686642
318,2021-12-22,38.70000076293945,11.56999969482422,1.6399999856948853,336.2900085449219,30.399999618530277,29.850000381469727,1.5956465631574432,0.9253670291656895,-0.36889068565330313,1.1790178585766344,0.5427302036712415,0.2958136091545465
319,2021-12-23,37.63999938964844,11.550000190734863,1.600000023841858,355.6666564941406,30.420000076293945,30.520000457763672,1.4888000055885533,0.9164881614554314,-0.4454327649540764,1.49620485553224,0.5464395341777818,0.35333476512413997
320,2021-12-27,38.63999938964844,11.460000038146973,1.6299999952316284,364.6466674804688,29.899999618530277,29.959999084472656,1.589598514214217,0.8765321982895166,-0.3880262054784964,1.6432035895158765,0.4499990634550799,0.305257268604383
321,2021-12-28,36.97999954223633,11.43000030517578,1.559999942779541,362.8233337402344,29.84000015258789,29.6299991607666,1.4222730052762471,0.8632136850301785,-0.5219750723682396,1.613356437674729,0.4388714256766834,0.2769259627537221
322,2021-12-29,36.970001220703125,11.0600004196167,1.5099999904632568,362.0633239746094,29.420000076293945,28.25,1.4212651893769404,0.6989506102053428,-0.6176526714942061,1.6009154202269589,0.36097725374545864,0.15844963749202437
323,2021-12-30,38.75,11.34000015258789,1.5499999523162842,356.7799987792969,31.950000762939453,32.41999816894531,1.6006864116855672,0.8232577218642645,-0.5411105921934328,1.5144297671339724,0.8301969505860778,0.5164542460819325
324,2021-12-31,38.04999923706055,11.699999809265137,1.559999942779541,352.260009765625,32.099998474121094,31.68000030517578,1.5301273787444436,0.9830811511400208,-0.5219750723682396,1.4404395834202453,0.8580158681614538,0.452923607735589
325,2022-01-03,40.93000030517578,11.989999771118164,1.6399999856948853,399.9266662597656,32.34000015258789,33.470001220703125,1.8204271912507777,1.1118279083480225,-0.36889068565330313,2.22072127444929,0.9025271267574911,0.6065995929941207
326,2022-01-04,39.40999984741211,11.729999542236328,1.75,383.1966552734375,30.32999992370605,31.57999992370605,1.6672134119978734,0.9963996643993582,-0.15839973946278676,1.9468585321579093,0.5297479006395739,0.4443383288034481
327,2022-01-05,36.68000030517578,11.25,1.5800000429153442,362.7066650390625,29.170000076293945,29.8799991607666,1.392033529591707,0.7833017586983496,-0.48370380460446305,1.6114466236005711,0.3146116836373779,0.2983890782087857
328,2022-01-06,38.220001220703125,11.039999961853027,1.6100000143051147,354.8999938964844,28.3799991607666,29.309999465942383,1.54726332515902,0.6900713191071827,-0.42629724512888306,1.4836549342214915,0.16809631230005367,0.24945320117133282
329,2022-01-07,41.97999954223633,11.289999961853027,1.6299999952316284,342.32000732421875,29.18000030517578,29.299999237060547,1.9262655484045657,0.8010599175067671,-0.3880262054784964,1.2777262218324297,0.31646634889064834,0.2485946569030612
330,2022-01-10,41.720001220703125,11.380000114440918,1.5800000429153442,352.7066650390625,27.540000915527344,28.90999984741211,1.900058105348843,0.8410158806726818,-0.48370380460446305,1.447751129009932,0.012308322178831127,0.2151122491933462
331,2022-01-11,45.470001220703125,11.609999656677246,1.5700000524520874,354.79998779296875,29.809999465942383,30.020000457763672,2.2780525126950817,0.943125187974106,-0.5028393244296564,1.4820178793637844,0.43330742991687204,0.31040853421401277
332,2022-01-12,45.43000030517578,11.739999771118164,1.6699999570846558,368.739990234375,30.75,31.68000030517578,2.2740204800662642,1.0008393099484383,-0.3114841261777232,1.7102094387878555,0.6076420725707993,0.452923607735589
333,2022-01-13,41.40999984741211,11.510000228881836,1.6399999856948853,343.85333251953125,30.770000457763672,30.479999542236328,1.868810429249201,0.8987300026470141,-0.36889068565330313,1.3028260644539265,0.6113514030773403,0.34990058805105345
334,2022-01-14,42.220001220703125,11.420000076293944,1.600000023841858,349.8699951171875,31.1299991607666,30.950000762939453,1.9504573596616748,0.8587740394810984,-0.4454327649540764,1.4013161204247604,0.6781175834889421,0.39025134990694144
335,2022-01-18,39.209999084472656,11.18000030517578,1.5299999713897705,343.5033264160156,30.46999931335449,29.61000061035156,1.6470536333695818,0.7522250866305942,-0.5793816318438195,1.297096622231453,0.5557125067029064,0.27520903796775426
336,2022-01-19,40.02999877929688,11.039999961853027,1.5499999523162842,331.8833312988281,29.26000022888184,28.6299991607666,1.729708379681363,0.6900713191071827,-0.5411105921934328,1.1068825374465712,0.3313033171755858,0.19107350093346775
337,2022-01-20,38.720001220703125,11.010000228881836,1.5299999713897705,332.0899963378906,29.170000076293945,29.1299991607666,1.5976625794718518,0.6767528058478454,-0.5793816318438195,1.1102655510249642,0.3146116836373779,0.23399973184359493
338,2022-01-21,37.75,10.550000190734863,1.4500000476837158,314.6333312988281,27.899999618530277,27.350000381469727,1.4998879030599037,0.4725337678570941,-0.7324657904453661,0.8245078092777188,0.07907450259043372,0.08118245460391058
339,2022-01-24,37.75,10.56999969482422,1.5099999904632568,310.0,27.270000457763672,24.8700008392334,1.4998879030599037,0.4814126355673522,-0.6176526714942061,0.748662263421323,-0.03776657843579059,-0.1317316114101821
340,2022-01-25,35.459999084472656,10.510000228881836,1.4900000095367432,306.1333312988281,25.43000030517578,23.790000915527344,1.2690592260233429,0.45477560904867675,-0.6559237111445928,0.6853666388756756,-0.3790172027305633,-0.22445226362603382
341,2022-01-26,33.40999984741211,10.65999984741211,1.559999942779541,312.4700012207031,25.09000015258789,22.65999984741211,1.0624223602438914,0.5213685987332662,-0.5219750723682396,0.7890950705675711,-0.44207440637685125,-0.3214656371832436
342,2022-01-27,28.700000762939453,10.260000228881836,1.5700000524520874,276.3666687011719,23.450000762939453,21.11000061035156,0.5876614769008063,0.3437870106490924,-0.5028393244296564,0.19809978325207395,-0.7462324330886685,-0.45453688750440796
343,2022-01-28,27.149999618530277,10.300000190734863,1.4600000381469729,282.1166687011719,23.96999931335449,20.899999618530277,0.4314236731762894,0.3615451694575098,-0.7133302706201723,0.29222469264169143,-0.6497923161071937,-0.4725659896369601
344,2022-01-31,29.38999938964844,10.390000343322754,1.5299999713897705,312.239990234375,26.09000015258789,24.51000022888184,0.6572123094268283,0.4015011326234246,-0.5793816318438195,0.7853298943507447,-0.25661212594452815,-0.1626385500656576
345,2022-02-01,29.959999084472656,10.470000267028809,1.590000033378601,310.4166564941406,27.290000915527344,24.84000015258789,0.7146674285821927,0.43701745024025934,-0.4645682847792697,0.7554827425095982,-0.03405724792924965,-0.13430724421499698
346,2022-02-02,27.68000030517578,10.329999923706056,1.600000023841858,301.8866577148437,27.5,23.76000022888184,0.4848469519607339,0.3748636827168479,-0.4454327649540764,0.6158505056061423,0.004889661165749233,-0.2270278964308484
347,2022-02-03,26.950000762939453,10.260000228881836,1.5299999713897705,297.0466613769531,26.82999992370605,23.1299991607666,0.4112640868058949,0.3437870106490924,-0.5793816318438195,0.5366219461713545,-0.11937008087355698,-0.28111503907793134
348,2022-02-04,27.549999237060547,10.390000343322754,1.6299999952316284,307.7733459472656,28.700000762939453,23.959999084472656,0.471743038174975,0.4015011326234246,-0.3880262054784964,0.7122129397768626,0.22744453918102775,-0.20985750231714323
349,2022-02-07,26.96999931335449,10.369999885559082,1.5700000524520874,302.4466552734375,28.6299991607666,23.989999771118164,0.41327991086240556,0.39262184152526447,-0.5028393244296564,0.6250174133384987,0.21446188240813444,-0.20728186951232835
350,2022-02-08,27.43000030517578,10.380000114440918,1.5800000429153442,307.3333435058594,29.0,24.690000534057617,0.45964732480431797,0.3970614870743445,-0.48370380460446305,0.7050102980501541,0.28308308181423386,-0.14718508073792
351,2022-02-09,28.82999992370605,10.68000030517578,1.590000033378601,310.6666564941406,30.1299991607666,26.100000381469727,0.6007651984286673,0.5302478898314255,-0.4645682847792697,0.7595751298743642,0.4926553030566191,-0.026133122671407393
352,2022-02-10,27.90999984741211,11.199999809265137,1.600000023841858,301.51666259765625,29.3700008392334,25.350000381469727,0.5080305628027412,0.7611039543408522,-0.4454327649540764,0.6097938522357303,0.3517042812203333,-0.09052246903659818
353,2022-02-11,25.84000015258789,11.25,1.5700000524520874,286.6666564941406,28.13999938964844,24.100000381469727,0.29937768070888093,0.7833017586983496,-0.5028393244296564,0.3667059428568304,0.12358540744524403,-0.19783804631191615
354,2022-02-14,27.440000534057617,11.079999923706056,1.6299999952316284,291.9200134277344,28.479999542236328,23.790000915527344,0.46065533296152233,0.7078294779156009,-0.3880262054784964,0.4527010290074096,0.18664261109153138,-0.22445226362603382
355,2022-02-15,28.8700008392334,11.489999771118164,1.6799999475479126,307.4766540527344,30.18000030517578,25.790000915527344,0.6047972310574851,0.8898507115488539,-0.29234860635252985,0.7073562271352299,0.5019286293229714,-0.05274733998552506
356,2022-02-16,29.0,12.020000457763672,1.7400000095367432,307.7966613769531,29.790000915527344,25.61000061035156,0.6179009525853464,1.1251468449952626,-0.17753525928798009,0.7125946028562915,0.4295984531515581,-0.06820080931326326
357,2022-02-17,28.11000061035156,11.90999984741211,1.7000000476837158,292.1166687011719,29.6299991607666,24.71999931335449,0.5281903414310326,1.0763115907311878,-0.25407733858875337,0.4559201872323305,0.39992416284045756,-0.1446096116836811
358,2022-02-18,26.59000015258789,12.220000267028809,1.7100000381469729,285.6600036621094,28.549999237060547,23.209999084472656,0.3749765621781287,1.2139376390373495,-0.2349418187635596,0.3502274895347881,0.1996249141231977,-0.274246848682334
359,2022-02-22,25.51000022888184,11.43000030517578,1.6699999570846558,273.84332275390625,27.690000534057617,21.770000457763672,0.2661141805527282,0.8632136850301785,-0.3114841261777232,0.15679374696598083,0.04012759349543419,-0.3978742758030858
360,2022-02-23,23.96999931335449,11.06999969482422,1.600000023841858,254.67999267578125,27.600000381469727,20.459999084472656,0.11088438498541453,0.7033898323665209,-0.4454327649540764,-0.15690133254825336,0.023435959957226946,-0.5103411186880336
361,2022-02-24,25.280000686645508,10.90999984741211,1.5800000429153442,266.92333984375,27.36000061035156,21.21999931335449,0.2429305697107206,0.6323571971328505,-0.48370380460446305,0.04351674446230112,-0.021074944897584012,-0.4450932280545714
362,2022-02-25,26.350000381469727,10.899999618530272,1.5800000429153442,269.9566650390625,27.88999938964844,20.940000534057617,0.3507849431789171,0.6279175515837697,-0.48370380460446305,0.09317091127239377,0.07721983733716326,-0.46913181256387393
363,2022-02-28,28.979999542236328,11.0600004196167,1.5700000524520874,290.1433410644531,30.450000762939453,22.84000015258789,0.6158849362709377,0.6989506102053428,-0.5028393244296564,0.4236177028841252,0.5520035299375932,-0.3060121678555057
364,2022-03-01,24.989999771118164,10.859999656677246,1.5399999618530271,288.1233215332031,30.420000076293945,21.8700008392334,0.21369890992548726,0.6101593927753531,-0.5602461120186266,0.39055089325905323,0.5464395341777818,-0.38928899687094526
365,2022-03-02,24.57999992370605,11.0600004196167,1.6299999952316284,293.2966613769531,30.09000015258789,21.770000457763672,0.1723715367695966,0.6989506102053428,-0.3880262054784964,0.47523613569986484,0.4852369957847642,-0.3978742758030858
366,2022-03-03,22.6299991607666,11.15999984741211,1.600000023841858,279.7633361816406,27.899999618530277,19.8799991607666,-0.024185631953606263,0.7433457955324348,-0.4454327649540764,0.25370169956960115,0.07907450259043372,-0.5601355399937581
367,2022-03-04,22.6299991607666,11.100000381469728,1.5700000524520874,279.42999267578125,27.229999542236328,18.6299991607666,-0.024185631953606263,0.716708769013761,-0.5028393244296564,0.24824501656357834,-0.04518523944887249,-0.667451117269076
368,2022-03-07,23.170000076293945,11.039999961853027,1.5499999523162842,268.1933288574219,25.700000762939453,18.1200008392334,0.03024565498804298,0.6900713191071827,-0.5411105921934328,0.06430589243407066,-0.32894230211594155,-0.7112357286968991
369,2022-03-08,24.239999771118164,11.050000190734863,1.590000033378601,274.79998779296875,24.239999771118164,17.979999542236328,0.1381000284562395,0.6945109646562627,-0.4645682847792697,0.17245392263867174,-0.5997174154925713,-0.7232551847021262
370,2022-03-09,25.26000022888184,11.100000381469728,1.5499999523162842,286.3233337402344,27.6299991607666,20.170000076293945,0.24091455339631226,0.716708769013761,-0.5411105921934328,0.36108590405634,0.028999601975811345,-0.535238247465608
371,2022-03-10,24.209999084472656,10.979999542236328,1.6399999856948853,279.4333190917969,25.989999771118164,17.770000457763672,0.13507600398462646,0.6634338692006052,-0.36889068565330313,0.24829946849506754,-0.2751584247360059,-0.7412841230841033
372,2022-03-11,22.920000076293945,10.890000343322754,1.600000023841858,265.1166687011719,22.170000076293945,16.06999969482422,0.00504602783162706,0.6234783294225933,-0.4454327649540764,0.013942351837604998,-0.9836242793888837,-0.887233373678766
373,2022-03-14,21.549999237060547,10.579999923706056,1.4500000476837158,255.4566650390625,17.600000381469727,14.100000381469728,-0.13304801357900714,0.48585228111643225,-0.7324657904453661,-0.1441875558840329,-1.831186844366004,-1.0563626645144597
374,2022-03-15,21.979999542236328,10.6899995803833,1.5199999809265137,267.2966613769531,19.75,14.93000030517578,-0.08970462410870814,0.5346871119926035,-0.5985171516690129,0.04962784976420324,-1.4324430121847547,-0.985105127753672
375,2022-03-16,23.6200008392334,10.8100004196167,1.5199999809265137,280.07666015625,26.049999237060547,18.75,0.07560506077275068,0.5879620118057585,-0.5985171516690129,0.2588306718686798,-0.26403078695761006,-0.6571487498003922
376,2022-03-17,24.649999618530277,10.920000076293944,1.5499999523162842,290.5333251953125,25.100000381469727,18.81999969482422,0.17942740161213017,0.6367968426819298,-0.5411105921934328,0.4300015674024778,-0.4402197411235808,-0.6511391036730665
377,2022-03-18,25.670000076293945,11.18000030517578,1.600000023841858,301.7966613769531,28.190000534057617,20.86000061035156,0.2822419265522022,0.7522250866305942,-0.4454327649540764,0.614377306101908,0.13285873371159573,-0.47600000295947154
378,2022-03-21,25.38999938964844,11.220000267028809,1.5299999713897705,307.0533447265625,26.32999992370605,20.26000022888184,0.25401827492417356,0.7699832454390123,-0.5793816318438195,0.7004268441839764,-0.21210122108971852,-0.5275115128017387
379,2022-03-22,26.649999618530277,11.329999923706056,1.559999942779541,331.32666015625,27.32999992370605,21.770000457763672,0.38102441886345756,0.8188180763151852,-0.5219750723682396,1.097770081645705,-0.026638940657395433,-0.3978742758030858
380,2022-03-23,25.899999618530277,11.520000457763672,1.6100000143051147,333.03668212890625,27.280000686645508,21.8700008392334,0.3054255373942098,0.9031696481960941,-0.42629724512888306,1.1257623709031876,-0.03591191318252012,-0.38928899687094526
381,2022-03-24,26.25,11.5600004196167,1.649999976158142,337.97332763671875,27.86000061035156,21.979999542236328,0.34070505386477123,0.9209278070045115,-0.34975516582810984,1.2065730337051899,0.07165619531857753,-0.3798453374211087
382,2022-03-25,25.15999984741211,11.520000457763672,1.659999966621399,336.8800048828125,26.399999618530277,19.90999984741211,0.230834664082166,0.9031696481960941,-0.3306196460029165,1.1886758328104017,-0.19911891805805093,-0.5575599071889432
383,2022-03-28,25.3799991607666,11.399999618530272,1.659999966621399,363.9466552734375,26.479999542236328,21.209999084472656,0.25301026676696886,0.8498947483829383,-0.3306196460029165,1.631744705070929,-0.18428194977311482,-0.4459517723228428
384,2022-03-29,27.36000061035156,11.5600004196167,1.6799999475479126,366.5233459472656,26.600000381469727,21.8799991607666,0.4525914599617848,0.9209278070045115,-0.29234860635252985,1.6739239704968671,-0.16202632047509616,-0.38843061635324927
385,2022-03-30,26.5,11.380000114440918,1.75,364.663330078125,27.1299991607666,22.170000076293945,0.3659046810211872,0.8410158806726818,-0.15839973946278676,1.643476348732326,-0.0637315382403502,-0.3635333238250992
386,2022-03-31,25.399999618530277,11.369999885559082,1.7200000286102295,359.20001220703125,25.809999465942383,21.049999237060547,0.2550262830813779,0.8365762351236018,-0.2158062989383667,1.5540442966308692,-0.30854169181242036,-0.4596881531140374
387,2022-04-01,24.549999237060547,11.460000038146973,1.7599999904632568,361.5299987792969,27.239999771118164,21.93000030517578,0.16934751229798392,0.8765321982895166,-0.13926421963759344,1.592185127064526,-0.04333057419560202,-0.38413789501189116
388,2022-04-04,25.209999084472656,12.81999969482422,1.830000042915344,381.8166809082031,28.65999984741211,23.850000381469727,0.23587451261029013,1.480310021163611,-0.005315352747850757,1.9242689735339649,0.22002587816794586,-0.21930116176697975
389,2022-04-05,23.729999542236328,12.220000267028809,1.830000042915344,363.7533264160156,27.799999237060547,22.46999931335449,0.08669276598620332,1.2139376390373495,-0.005315352747850757,1.6285799987774974,0.060528203798955356,-0.3377776507792535
390,2022-04-06,22.989999771118164,11.739999771118164,1.870000004768372,348.586669921875,27.520000457763672,21.68000030517578,0.0121018926741599,1.0008393099484383,0.07122672655292378,1.3803086651680294,0.00859899167229018,-0.40560101046695474
391,2022-04-07,22.31999969482422,11.90999984741211,1.909999966621399,352.4200134277344,26.38999938964844,20.36000061035156,-0.05543311579535067,1.0763115907311878,0.1477688058536962,1.443058771280776,-0.2009735833113214,-0.5189262338695987
392,2022-04-08,21.670000076293945,12.210000038146973,1.919999957084656,341.8299865722656,25.86000061035156,20.0,-0.12095210795045254,1.2094979934882695,0.16690432567888994,1.2697048028973652,-0.29926836554606867,-0.5498331725250742
393,2022-04-11,21.700000762939453,12.06999969482422,1.6799999475479126,325.3099975585937,25.25,19.700000762939453,-0.1179280834788395,1.147344225964858,-0.29234860635252985,0.9992800256748702,-0.41240046980697775,-0.5755888455709203
394,2022-04-12,21.290000915527344,11.90999984741211,1.6799999475479126,328.9833374023437,24.93000030517578,19.459999084472656,-0.1592554566347298,1.0763115907311878,-0.29234860635252985,1.059410943927086,-0.4717483429467248,-0.5961935805082879
395,2022-04-13,22.049999237060547,11.960000038146973,1.7599999904632568,340.7900085449219,26.030000686645508,20.420000076293945,-0.08264875926617529,1.0985093950886853,-0.13926421963759344,1.252680831142422,-0.267739763722924,-0.5137751320105444
396,2022-04-14,21.01000022888184,11.890000343322754,1.7300000190734863,328.3333435058594,25.709999084472656,19.649999618530277,-0.1874791082627584,1.0674327230209306,-0.19667077911317338,1.0487708366904962,-0.3270879906038981,-0.5798815669122781
397,2022-04-18,20.31999969482422,11.850000381469728,1.75,334.7633361816406,25.65999984741211,19.170000076293945,-0.25703013304667804,1.049674564212514,-0.15839973946278676,1.1540269198181161,-0.3363609631290234,-0.6210907092858623
398,2022-04-19,21.40999984741211,12.079999923706056,1.7799999713897705,342.7166748046875,25.34000015258789,19.8700008392334,-0.14715974326407283,1.1517838715139381,-0.1009931799872068,1.284219489772765,-0.3957088362687705,-0.560993920511454
399,2022-04-20,20.8700008392334,11.770000457763672,1.809999942779541,325.7333374023437,23.489999771118164,18.149999618530277,-0.20159083794782445,1.0141582465956784,-0.043586620511626865,1.0062099081851281,-0.7388141258168136,-0.7086602596426597
400,2022-04-21,19.549999237060547,11.4399995803833,1.7699999809265137,336.260009765625,22.46999931335449,17.149999618530273,-0.33464503083033453,0.8676529071913565,-0.12012869981240012,1.1785267920752227,-0.9279857367556783,-0.7945127214629143
401,2022-04-22,19.11000061035156,11.31999969482422,1.7000000476837158,335.01666259765625,22.32999992370605,17.18000030517578,-0.3789962361999406,0.8143784307661052,-0.25407733858875337,1.1581737591143713,-0.9539503428190109,-0.7919370886580994
402,2022-04-25,19.32999992370605,11.130000114440918,1.5800000429153442,332.67333984375,22.309999465942383,17.309999465942383,-0.35682063351513776,0.7300272822730975,-0.48370380460446305,1.119814621395753,-0.9576596733255512,-0.7807763406717196
403,2022-04-26,17.639999389648438,10.84000015258789,1.600000023841858,292.1400146484375,21.149999618530277,16.360000610351562,-0.5271701669247203,0.6012805250650958,-0.4454327649540764,0.45630234987076385,-1.1727958903277471,-0.8623360811506159
404,2022-04-27,18.06999969482422,10.859999656677246,1.5800000429153442,293.836669921875,22.18000030517578,16.760000228881836,-0.4838267774544213,0.6101593927753531,-0.48370380460446305,0.4840758322842806,-0.9817696141356134,-0.8279951291726293
405,2022-04-28,18.88999938964844,10.829999923706056,1.6200000047683716,292.5033264160156,22.1200008392334,16.93000030517578,-0.4011720311426404,0.5968408795160165,-0.40716172530368977,0.4622495998191939,-0.9928972519140091,-0.813400204113163
406,2022-04-29,18.07999992370605,10.6899995803833,1.6299999952316284,290.2533264160156,22.43000030517578,16.700000762939453,-0.48281876929721734,0.5346871119926035,-0.3880262054784964,0.4254181135363001,-0.9354040440275325,-0.8331462310316834
407,2022-05-02,19.059999465942383,10.81999969482422,1.600000023841858,300.9800109863281,23.32999992370605,17.5,-0.384036276985962,0.5924012339669364,-0.4454327649540764,0.6010091071418082,-0.7684880623866878,-0.7644643270757101
408,2022-05-03,19.600000381469727,10.75,1.5800000429153442,303.0833435058594,22.93000030517578,17.530000686645508,-0.32960499004431276,0.561324561899181,-0.48370380460446305,0.6354397128491326,-0.8426729038113709,-0.7618886942708953
409,2022-05-04,20.26000022888184,10.899999618530272,1.600000023841858,317.5400085449219,23.59000015258789,18.1299991607666,-0.2630779897320062,0.6279175515837697,-0.4454327649540764,0.8720888062191862,-0.7202678270253359,-0.7103773481792032
410,2022-05-05,18.850000381469727,10.720000267028809,1.6299999952316284,291.09332275390625,21.670000076293945,15.380000114440918,-0.4052038715135605,0.5480060486398437,-0.3880262054784964,0.43916847513483326,-1.0763554196050453,-0.9464715363096149
411,2022-05-06,18.149999618530277,10.720000267028809,1.6299999952316284,288.54998779296875,20.920000076293945,14.920000076293944,-0.4757629044546838,0.5480060486398437,-0.3880262054784964,0.39753522770080046,-1.2154521299292878,-0.9859636720219436
412,2022-05-09,16.350000381469727,10.289999961853027,1.5299999713897705,262.3699951171875,18.899999618530277,13.550000190734863,-0.6572001430777197,0.35710552390842976,-0.5793816318438195,-0.03101945724333155,-1.5900860213004742,-1.1035815348906575
413,2022-05-10,15.949999809265137,10.270000457763672,1.4700000286102295,266.67999267578125,19.670000076293945,13.4399995803833,-0.6975196042053545,0.34822665619817245,-0.6941947507949794,0.03953326096051353,-1.4472799804696916,-1.1130253580910696
414,2022-05-11,13.859999656677246,10.149999618530272,1.4500000476837158,244.6666717529297,20.1299991607666,12.710000038146973,-0.9081885026136234,0.2949517563850167,-0.7324657904453661,-0.3208148846443515,-1.361967501266612,-1.175697615919717
415,2022-05-12,15.6899995803833,10.270000457763672,1.4500000476837158,242.6666717529297,20.1200008392334,13.100000381469728,-0.7237272395189748,0.34822665619817245,-0.7324657904453661,-0.35355398356247925,-1.3638218127786554,-1.1422151263347142
416,2022-05-13,18.010000228881836,10.479999542236328,1.4500000476837158,256.5299987792969,21.81999969482422,14.3100004196167,-0.4898746341397498,0.4414566724014366,-0.7324657904453661,-0.12661756613718422,-1.0485361482884423,-1.0383336442571949
417,2022-05-16,17.360000610351562,10.3100004196167,1.3899999856948853,241.4566650390625,22.020000457763672,14.550000190734863,-0.5553936262948517,0.36598481500658986,-0.8472791375099158,-0.3733612483109276,-1.0114435507054869,-1.017729073070403
418,2022-05-17,17.850000381469727,10.300000190734863,1.4500000476837158,253.8699951171875,23.739999771118164,16.6299991607666,-0.5060023801392242,0.3615451694575098,-0.7324657904453661,-0.17016062764537476,-0.6924485557087329,-0.8391560409095847
419,2022-05-18,17.360000610351562,10.210000038146973,1.340000033378601,236.60333251953125,23.40999984741211,15.829999923706056,-0.5553936262948517,0.321589206291595,-0.9429567366358824,-0.45280811503067764,-0.7536510941017504,-0.9078379448655578
420,2022-05-19,19.270000457763672,10.220000267028809,1.5,236.47332763671875,23.989999771118164,16.65999984741211,-0.36286849020046585,0.32602885184067504,-0.6367881913193995,-0.45493623638979663,-0.646082985600652,-0.8365804081047699
421,2022-05-20,18.38999938964844,10.130000114440918,1.4700000286102295,221.3000030517578,24.0,16.440000534057617,-0.4515712854554722,0.2860728886747602,-0.6941947507949794,-0.703316723641745,-0.6442283203473816,-0.8554678907550186
422,2022-05-23,18.399999618530277,10.130000114440918,1.600000023841858,224.96665954589844,23.46999931335449,16.0,-0.4505632772982679,0.2860728886747602,-0.4454327649540764,-0.6432952088115123,-0.7425234563233553,-0.8932430198060918
423,2022-05-24,17.100000381469727,10.18000030517578,1.5,209.3866729736328,21.76000022888184,14.630000114440918,-0.5816012616084719,0.30827069303225685,-0.6367881913193995,-0.898332569577766,-1.0596637860668374,-1.0108608826748058
424,2022-05-25,17.450000762939453,10.239999771118164,1.5099999904632568,219.6000061035156,22.399999618530277,14.640000343322754,-0.5463217451379102,0.3349077195509323,-0.6176526714942061,-0.7311449077662537,-0.9409680397873433,-1.010002338406534
425,2022-05-26,18.88999938964844,10.229999542236328,1.4800000190734863,235.91000366210935,24.18000030517578,16.030000686645508,-0.4011720311426404,0.33046807400185224,-0.675059230969786,-0.46415759605364176,-0.6108450532709672,-0.8906673870012769
426,2022-05-27,19.82999992370605,10.329999923706056,1.4600000381469729,253.2100067138672,24.280000686645508,16.56999969482422,-0.3064213792023059,0.3748636827168479,-0.7133302706201723,-0.18096434045593524,-0.5922987544794894,-0.8443071427686388
427,2022-05-31,20.18000030517578,10.289999961853027,1.4299999475479126,252.7533264160156,25.06999969482422,17.389999389648438,-0.27114186273174373,0.35710552390842976,-0.7707370582091425,-0.1884399911785969,-0.44578373688339223,-0.7739081502761224
428,2022-06-01,19.5,10.210000038146973,1.399999976158142,246.7899932861328,25.459999084472656,17.56999969482422,-0.33968487935845865,0.321589206291595,-0.8281436176847226,-0.2860570677890875,-0.3734535607119788,-0.7584546809483844
429,2022-06-02,19.959999084472656,10.140000343322754,1.4299999475479126,258.3333435058594,26.40999984741211,18.850000381469727,-0.29331765767444423,0.29051253422384027,-0.7707370582091425,-0.0970976254439773,-0.1972642528047811,-0.6485634708682516
430,2022-06-03,18.670000076293945,10.050000190734863,1.4800000190734863,234.51666259765625,26.209999084472656,18.07999992370605,-0.4233476338274436,0.25055657105792545,-0.675059230969786,-0.48696596152155147,-0.23435685038773654,-0.7146699057699859
431,2022-06-06,19.149999618530277,10.029999732971191,1.600000023841858,238.27999877929688,29.06999969482422,19.18000030517578,-0.3749643958290201,0.24167727995976535,-0.4454327649540764,-0.42536184376510056,0.29606538484590017,-0.6202321650175907
432,2022-06-07,18.959999084472656,10.039999961853027,1.6200000047683716,238.8866729736328,29.71999931335449,19.649999618530277,-0.3941161663001079,0.2461169255088454,-0.40716172530368977,-0.41543086053538064,0.41661579637866414,-0.5798815669122781
433,2022-06-08,19.59000015258789,10.029999732971191,1.5700000524520874,241.86666870117188,29.959999084472656,20.3799991607666,-0.3306129982015171,0.24167727995976535,-0.5028393244296564,-0.36664967308563085,0.4611267012334751,-0.5172093090836308
434,2022-06-09,18.8799991607666,10.010000228881836,1.590000033378601,239.7066650390625,29.489999771118164,18.81999969482422,-0.4021800392998451,0.2327984122495081,-0.4645682847792697,-0.40200795986428944,0.37395955677712495,-0.6511391036730665
435,2022-06-10,18.020000457763672,9.989999771118164,1.6200000047683716,232.22999572753903,29.93000030517578,18.13999938964844,-0.4888666259825455,0.223919121151348,-0.40716172530368977,-0.5243976679483381,0.45556305921489065,-0.7095188039109313
436,2022-06-13,16.309999465942383,9.9399995803833,1.4600000381469729,215.73666381835935,29.049999237060547,15.989999771118164,-0.6612321757065371,0.20172131679385055,-0.7133302706201723,-0.7943860803804119,0.29235605433935924,-0.8941015640743634
437,2022-06-14,16.600000381469727,9.93000030517578,1.5099999904632568,220.88999938964844,32.220001220703125,18.65999984741211,-0.6320005159213038,0.19728209463267254,-0.6176526714942061,-0.7100282988670418,0.8802718512006995,-0.6648754844642611
438,2022-06-15,17.520000457763672,9.899999618530272,1.4800000190734863,233.0,32.4900016784668,20.11000061035156,-0.5392658802953774,0.1839631579854324,-0.675059230969786,-0.5117930449265978,0.9303467518153212,-0.5403893493246623
439,2022-06-16,15.550000190734863,8.90999984741211,1.440000057220459,213.1000061035156,31.799999237060547,19.18000030517578,-0.7378389692040405,-0.25555159006382405,-0.7516013102705593,-0.8375469792501691,0.8023773255282477,-0.6202321650175907
440,2022-06-17,16.6299991607666,10.09000015258789,1.4800000190734863,216.75999450683597,33.150001525878906,20.770000457763672,-0.6289766837075884,0.26831472986634286,-0.675059230969786,-0.777634618062416,1.0527518286013564,-0.4837267376233402
441,2022-06-21,17.899999618530273,9.6899995803833,1.4900000095367432,237.0366668701172,35.75,22.65999984741211,-0.5009625316111,0.09073271839426622,-0.6559237111445928,-0.4457146269464498,1.5349534747324147,-0.3214656371832436
442,2022-06-22,18.030000686645508,10.84000015258789,1.5,236.086669921875,36.79999923706055,22.549999237060547,-0.4878586178253411,0.6012805250650958,-0.6367881913193995,-0.46126564897666006,1.7296887276898631,-0.3309094603836558
443,2022-06-23,19.299999237060547,11.229999542236328,1.4900000095367432,235.07000732421875,39.2400016784668,23.049999237060547,-0.3598446579867504,0.7744224676001895,-0.6559237111445928,-0.4779079576521744,2.182217144733502,-0.28798322947352867
444,2022-06-24,19.209999084472656,13.0,1.5,245.7066650390625,40.790000915527344,24.07999992370605,-0.368916539143692,1.56022194749544,-0.6367881913193995,-0.303790663109906,2.469683537907112,-0.1995551348484597
445,2022-06-27,18.38999938964844,11.109999656677246,1.5099999904632568,244.9199981689453,39.130001068115234,22.950000762939453,-0.4515712854554722,0.7211479911749374,-0.6176526714942061,-0.3166680453480963,2.161816180688754,-0.2965683446550935
446,2022-06-28,17.940000534057617,10.770000457763672,1.5199999809265137,232.663330078125,37.06999969482422,22.36000061035156,-0.49693049898228264,0.5702038529973411,-0.5985171516690129,-0.5173041798641098,1.7797636283044849,-0.34722131022909
447,2022-06-29,17.299999237060547,9.770000457763672,1.4900000095367432,228.4900054931641,38.08000183105469,21.86000061035156,-0.5614416752380778,0.1262494593990038,-0.6559237111445928,-0.5856196230663547,1.9670809277313055,-0.3901475411392172
448,2022-06-30,17.15999984741211,8.8100004196167,1.4700000286102295,224.47332763671875,38.310001373291016,21.71999931335449,-0.5755534049231434,-0.29994677539091613,-0.6941947507949794,-0.6513708298985635,2.0097371673328452,-0.40216699714444426
449,2022-07-01,17.0,9.529999732971191,1.5399999618530271,227.26333618164065,37.70000076293945,21.36000061035156,-0.5916811509226179,0.01970008316059671,-0.5602461120186266,-0.6056996470312536,1.8966050630719355,-0.4330737720493444
450,2022-07-05,17.229999542236328,9.5600004196167,1.590000033378601,233.0666656494141,40.0,22.18000030517578,-0.5684975400806106,0.033019019807836864,-0.4645682847792697,-0.5107017582812932,2.323168166569788,-0.3626747795568276
451,2022-07-06,18.21999931335449,9.4399995803833,1.6100000143051147,231.73333740234372,38.59999847412109,20.82999992370605,-0.46870703961215165,-0.0202558800053181,-0.42629724512888306,-0.5325277409668786,2.063520690971553,-0.4785756357642864
452,2022-07-07,19.809999465942383,9.600000381469728,1.600000023841858,244.5433349609375,39.27999877929688,22.5,-0.30843739551671423,0.05077717861625503,-0.4454327649540764,-0.3228338523609898,2.1896350982641315,-0.33520201797443827
453,2022-07-08,19.989999771118164,10.09000015258789,1.5499999523162842,250.76333618164065,38.900001525878906,22.600000381469727,-0.29029363320283114,0.26831472986634286,-0.5411105921934328,-0.2210152347432517,2.119159941087214,-0.3266167390422977
454,2022-07-11,18.530000686645508,9.949999809265137,1.5800000429153442,234.3433380126953,37.33000183105469,20.56999969482422,-0.4374593635125093,0.2061609623429306,-0.48370380460446305,-0.48980320688754125,1.8279842174070633,-0.5008972954876213
455,2022-07-12,19.32999992370605,9.970000267028809,1.5499999523162842,233.07000732421875,36.9900016784668,20.8700008392334,-0.35682063351513776,0.2150402534410907,-0.5411105921934328,-0.5106470565703022,1.764927013760775,-0.4751414586911996
456,2022-07-13,19.51000022888184,10.119999885559082,1.590000033378601,237.0399932861328,38.02999877929688,21.09000015258789,-0.33867687120125395,0.28163324312568017,-0.4645682847792697,-0.4456601750149606,1.9578072477237274,-0.4562539760409509
457,2022-07-14,20.11000061035156,10.199999809265137,1.600000023841858,238.31333923339844,38.18000030517578,21.049999237060547,-0.2781977275742769,0.31714956074251494,-0.4454327649540764,-0.42481607555269735,1.9856268727815563,-0.4596881531140374
458,2022-07-15,19.68000030517578,10.100000381469728,1.6200000047683716,240.0666656494141,38.45000076293945,20.71999931335449,-0.32154111704457555,0.2727543754154237,-0.40716172530368977,-0.3961149120678459,2.0357017733961777,-0.4880194589646986
459,2022-07-18,19.959999084472656,9.65999984741211,1.6299999952316284,240.54666137695312,39.15999984741211,20.84000015258789,-0.29331765767444423,0.0774142051349289,-0.3880262054784964,-0.3882575982657563,2.167379822707338,-0.4777170914960145
460,2022-07-19,20.3799991607666,9.520000457763672,1.7000000476837158,245.52999877929688,37.310001373291016,20.200000762939453,-0.25098227636134957,0.015260860999419487,-0.25407733858875337,-0.3066826101868872,1.8242748869005223,-0.5326626146607931
461,2022-07-20,21.270000457763672,9.449999809265137,1.7400000095367432,247.5,35.880001068115234,20.3700008392334,-0.1612714729491385,-0.015816234456238046,-0.17753525928798009,-0.2744345777701711,1.559063769283704,-0.5180676896013268
462,2022-07-21,21.479999542236328,9.5600004196167,1.7300000190734863,271.7066650390625,36.58000183105469,20.68000030517578,-0.14010387842153998,0.033019019807836864,-0.19667077911317338,0.1218176228257556,1.6888875070828209,-0.49145347228720915
463,2022-07-22,19.68000030517578,8.90999984741211,1.7300000190734863,272.24334716796875,34.36000061035156,19.239999771118164,-0.32154111704457555,-0.25555159006382405,-0.19667077911317338,0.1306028674786822,1.2771610181286783,-0.6150810631585366
464,2022-07-25,18.739999771118164,8.949999809265137,1.6799999475479126,268.4333190917969,34.599998474121094,19.32999992370605,-0.41629176898491077,-0.2377934312554067,-0.29234860635252985,0.06823442444536457,1.3216715692422616,-0.607354328494668
465,2022-07-26,18.09000015258789,8.859999656677246,1.7599999904632568,258.8599853515625,33.54999923706055,19.040000915527344,-0.48181076114001264,-0.2777493944213215,-0.13926421963759344,-0.0884767357035273,1.1269363162848132,-0.6322514572722421
466,2022-07-27,18.43000030517578,8.989999771118164,1.7300000190734863,274.82000732421875,33.68000030517578,19.3799991607666,-0.4475392528266552,-0.2200352724469893,-0.19667077911317338,0.1727816333456159,1.1510466108361024,-0.6030617709038852
467,2022-07-28,18.239999771118164,8.789999961853027,1.7100000381469729,280.8999938964844,32.93000030517578,19.489999771118164,-0.4666910232977426,-0.30882606648907623,-0.2349418187635596,0.2723082742507625,1.01194990051186,-0.593617947703473
468,2022-07-29,18.25,8.890000343322754,1.7100000381469729,297.1499938964844,32.84000015258789,19.729999542236328,-0.4656830151405383,-0.26443045777408136,-0.2349418187635596,0.538313452960551,0.9952582669736527,-0.573013376516681
469,2022-08-01,18.530000686645508,8.899999618530273,1.649999976158142,297.27667236328125,34.099998474121094,20.18000030517578,-0.4374593635125093,-0.2599912356129041,-0.34975516582810984,0.5403871223881808,1.2289404290261001,-0.5343797031973363
470,2022-08-02,19.729999542236328,8.930000305175781,1.6399999856948853,300.586669921875,34.119998931884766,20.18000030517578,-0.31650126851645144,-0.24667229896566398,-0.36889068565330313,0.594570291132962,1.232649759532641,-0.5343797031973363
471,2022-08-03,20.559999465942383,8.970000267028809,1.75,307.39666748046875,33.97999954223633,20.299999237060547,-0.23283851404746647,-0.2289141401572466,-0.15839973946278676,0.7060468829844668,1.2066851534693084,-0.5240774994792282
472,2022-08-04,18.559999465942383,9.25,1.690000057220459,308.6333312988281,34.31999969482422,20.899999618530277,-0.43443553129879386,-0.10460702849832494,-0.27321285841394666,0.7262905125233354,1.2697423571155964,-0.4725659896369601
473,2022-08-05,18.049999237060547,9.380000114440918,1.7000000476837158,288.1700134277344,33.630001068115234,20.21999931335449,-0.48584279376883005,-0.04689290652399275,-0.25407733858875337,0.39131521853591994,1.141773638310977,-0.5309456898748258
474,2022-08-08,18.71999931335449,9.829999923706056,1.7799999713897705,290.42333984375,33.20000076293945,20.170000076293945,-0.41830778529931983,0.15288648591767925,-0.1009931799872068,0.42820115675030296,1.0620248011264817,-0.535238247465608
475,2022-08-09,17.459999084472656,9.31999969482422,1.7100000381469729,283.3333435058594,30.8700008392334,19.170000076293945,-0.5453139292386034,-0.07353035643056945,-0.2349418187635596,0.3121411110326204,0.629897701868818,-0.6210907092858623
476,2022-08-10,18.21999931335449,9.579999923706056,1.7699999809265137,294.3566589355469,31.520000457763672,20.049999237060547,-0.46870703961215165,0.04189788751809493,-0.12012869981240012,0.49258781816175223,0.7504481134015826,-0.5455406149342917
477,2022-08-11,18.09000015258789,9.9399995803833,1.7599999904632568,286.6300048828125,32.709999084472656,20.81999969482422,-0.48181076114001264,0.20172131679385055,-0.13926421963759344,0.36610597249244026,0.9711479724223636,-0.4794341800325577
478,2022-08-12,18.65999984741211,9.75,1.7899999618530271,300.0299987792969,32.4900016784668,21.11000061035156,-0.424355641984648,0.11737016830084371,-0.08185766016201391,0.5854578353320957,0.9303467518153212,-0.45453688750440796
479,2022-08-15,18.76000022888184,9.899999618530272,1.7699999809265137,309.32000732421875,32.560001373291016,21.299999237060547,-0.4142757526705017,0.1839631579854324,-0.12012869981240012,0.7375310896833207,0.9433290548469876,-0.4382250376589738
480,2022-08-16,18.93000030517578,9.75,1.7799999713897705,306.5633239746094,31.09000015258789,20.90999984741211,-0.3971399985138233,0.11737016830084371,-0.1009931799872068,0.692405425248912,0.6706992762170874,-0.4717074453686888
481,2022-08-17,18.459999084472656,9.510000228881836,1.7100000381469729,303.9966735839844,30.90999984741211,20.07999992370605,-0.44451542061293975,0.010821215450339436,-0.2349418187635596,0.6503905147354504,0.6373160091406729,-0.5429649821294772
482,2022-08-18,18.229999542236328,9.199999809265137,1.690000057220459,302.8699951171875,30.84000015258789,19.90999984741211,-0.46769903145494696,-0.12680483285582236,-0.27321285841394666,0.6319472958487566,0.6243337061090065,-0.5575599071889432
483,2022-08-19,16.75,9.0,1.659999966621399,296.6666564941406,29.940000534057617,19.049999237060547,-0.6168807780790337,-0.21559562689790926,-0.3306196460029165,0.5304014374474695,0.45741772446816115,-0.6313930767545461
484,2022-08-22,16.100000381469727,8.59000015258789,1.600000023841858,289.913330078125,30.850000381469727,18.950000762939453,-0.6823997702341357,-0.39761686053116313,-0.4454327649540764,0.4198525266672989,0.626188371362277,-0.639978191936111
485,2022-08-23,15.979999542236328,8.350000381469727,1.5800000429153442,296.4533386230469,29.36000061035156,18.290000915527344,-0.6944956758626902,-0.5041658133816673,-0.48370380460446305,0.5269095200060981,0.34984961596706216,-0.6966408036374329
486,2022-08-24,16.440000534057617,8.350000381469727,1.600000023841858,297.0966796875,29.700000762939453,18.8700008392334,-0.6481282619207782,-0.5041658133816673,-0.4454327649540764,0.5374407233797104,0.41290681961335085,-0.6468463823317083
487,2022-08-25,16.979999542236328,8.609999656677246,1.600000023841858,296.07000732421875,31.06999969482422,20.07999992370605,-0.5936971672370266,-0.3887379928209058,-0.4454327649540764,0.5206345593507239,0.6669899457105464,-0.5429649821294772
488,2022-08-26,16.239999771118164,8.380000114440918,1.6299999952316284,288.0899963378906,30.299999237060547,19.920000076293945,-0.66828804054907,-0.49084730012233,-0.3880262054784964,0.39000537482615233,0.5241839048797631,-0.5567013629206715
489,2022-08-29,16.170000076293945,8.020000457763672,1.5499999523162842,284.82000732421875,29.11000061035156,19.809999465942383,-0.6753439053916028,-0.6506707293980865,-0.5411105921934328,0.33647712793625495,0.3034840458589814,-0.5661451861210838
490,2022-08-30,15.149999618530272,7.670000076293945,1.5700000524520874,277.70001220703125,28.799999237060547,19.82999992370605,-0.7781584303316754,-0.8060549365126657,-0.5028393244296564,0.21992601571716067,0.24599048423127845,-0.5644280975845408
491,2022-08-31,15.34000015258789,7.820000171661377,1.5700000524520874,275.6099853515625,28.770000457763672,19.90999984741211,-0.7590066598605878,-0.7394617351341247,-0.5028393244296564,0.18571321773579313,0.24042684221269406,-0.5575599071889432
492,2022-09-01,15.380000114440918,6.889999866485596,1.5199999809265137,277.1600036621094,27.899999618530277,18.790000915527344,-0.7549747233607191,-1.1523394566647074,-0.5985171516690129,0.2110863191327449,0.07907450259043372,-0.6537145727273057
493,2022-09-02,15.15999984741211,6.789999961853027,1.4800000190734863,270.2099914550781,26.57999992370605,17.729999542236328,-0.7771504221744708,-1.1967348536857507,-0.675059230969786,0.09731775056864894,-0.16573565098163776,-0.7447183001571898
494,2022-09-06,14.609999656677246,6.550000190734863,1.4600000381469729,274.4200134277344,26.440000534057617,17.110000610351562,-0.8325896211443756,-1.303283806536255,-0.7133302706201723,0.1662339134737912,-0.19170025704496968,-0.7979467347854251
495,2022-09-07,14.699999809265137,6.820000171661377,1.4700000286102295,283.70001220703125,26.65999984741211,17.479999542236328,-0.823517739987434,-1.183416128732462,-0.6941947507949794,0.3181433124715441,-0.15089868269670034,-0.7661814156122534
496,2022-09-08,14.989999771118164,6.71999979019165,1.4800000190734863,289.260009765625,26.030000686645508,17.68000030517578,-0.7942861763311496,-1.2278117374474569,-0.675059230969786,0.40915796749921907,-0.267739763722924,-0.7490108577479723
497,2022-09-09,15.079999923706056,7.179999828338623,1.4600000381469729,299.67999267578125,26.32999992370605,19.15999984741211,-0.7852142951742078,-1.0235926994567057,-0.7133302706201723,0.5797283931096224,-0.21210122108971852,-0.621949253554134
498,2022-09-12,16.549999237060547,7.570000171661377,1.4700000286102295,304.4200134277344,26.059999465942383,21.75,-0.6370405567073255,-0.8504503335337091,-0.6941947507949794,0.6573203972457085,-0.26217612170433957,-0.39959136433962905
499,2022-09-13,16.100000381469727,7.610000133514404,1.2799999713897705,292.1300048828125,26.799999237060547,21.96999931335449,-0.6823997702341357,-0.8326921747252917,-1.0577700837004322,0.45613849451729177,-0.12493407663336774,-0.38070388168938063
500,2022-09-14,16.6299991607666,7.869999885559082,1.4199999570846558,302.6099853515625,26.670000076293945,21.940000534057617,-0.6289766837075884,-0.7172641424705788,-0.7898725780343359,0.6276910531305187,-0.14904401744342985,-0.3832793507436195
501,2022-09-15,16.489999771118164,7.989999771118164,1.4299999475479126,303.75,25.809999465942383,21.51000022888184,-0.6430884133926541,-0.6639896660453266,-0.7707370582091425,0.6463525793021736,-0.30854169181242036,-0.4201959355264207
502,2022-09-16,16.18000030517578,7.599999904632568,1.340000033378601,303.3500061035156,24.09000015258789,20.149999618530277,-0.6743358972343985,-0.8371318202743717,-0.9429567366358824,0.639804859430349,-0.6275366868091744,-0.5369553360021508
503,2022-09-19,15.9399995803833,7.070000171661377,1.399999976158142,309.07000732421875,25.229999542236328,20.899999618530277,-0.6985276123625589,-1.0724275303328776,-0.8281436176847226,0.7334387023185547,-0.4161098003135187,-0.4725659896369601
504,2022-09-20,15.34000015258789,6.880000114440918,1.3799999952316284,308.7300109863281,25.34000015258789,20.40999984741211,-0.7590066598605878,-1.156778890519836,-0.8664146573351091,0.7278731154495536,-0.3957088362687705,-0.514633676278816
505,2022-09-21,15.5600004196167,6.769999980926514,1.3200000524520874,300.79998779296875,23.100000381469727,18.299999237060547,-0.7368309610468361,-1.2056139330899596,-0.981227776286269,0.5980622085743333,-0.811144301988227,-0.6957824231197369
506,2022-09-22,14.3100004196167,6.269999980926514,1.309999942779541,288.5899963378906,24.229999542236328,18.350000381469727,-0.8628290968289157,-1.4275911298891282,-1.0003635242248523,0.39819014955568427,-0.6015720807458418,-0.6914897017783788
507,2022-09-23,14.029999732971191,6.0,1.2899999618530271,275.3299865722656,25.0,17.639999389648438,-0.8910527484569447,-1.5474588076929212,-1.0386345638752392,0.18112976386961543,-0.4587660399150585,-0.7524450348210587
508,2022-09-26,14.0600004196167,5.690000057220459,1.2599999904632568,276.010009765625,26.38999938964844,17.6200008392334,-0.8880287239853316,-1.6850846443051315,-1.096041123350819,0.1922614371666223,-0.2009735833113214,-0.7541619596070264
509,2022-09-27,14.40999984741211,5.550000190734863,1.3200000524520874,282.94000244140625,25.71999931335449,17.190000534057617,-0.8527493036437186,-1.7472382001345923,-0.981227776286269,0.3057022950237741,-0.32523332535062827,-0.7910785443898278
510,2022-09-28,15.220000267028809,5.5,1.2999999523162842,287.8099975585937,24.899999618530277,17.329999923706055,-0.7711024693601936,-1.7694360044920898,-1.0194990440500455,0.3854219209599737,-0.47731233870653555,-0.7790592521351765
511,2022-09-29,14.1899995803833,5.119999885559082,1.340000033378601,268.2099914550781,23.3700008392334,15.579999923706056,-0.8749250024574703,-1.9381387248660062,-0.9429567366358824,0.06457865165052112,-0.7610694013736052,-0.9293010603206214
512,2022-09-30,13.970000267028809,5.059999942779541,1.3300000429153442,265.25,23.01000022888184,15.770000457763672,-0.8971006051422732,-1.9647759630786323,-0.9620922564610758,0.01612492512821322,-0.8278359355264335,-0.9129890467246121
513,2022-10-03,14.09000015258789,5.159999847412109,1.4299999475479126,242.3999938964844,23.459999084472656,15.489999771118164,-0.8850047956426674,-1.920380566057589,-0.7707370582091425,-0.3579193799231975,-0.7443781215766251,-0.9370277949844905
514,2022-10-04,15.399999618530272,5.989999771118164,1.3899999856948853,249.44000244140625,24.600000381469727,16.729999542236328,-0.7529588031752594,-1.5518984532420013,-0.8472791375099158,-0.2426776118548668,-0.5329508813397423,-0.8305707619774442
515,2022-10-05,14.989999771118164,5.820000171661377,1.409999966621399,240.80999755859372,23.899999618530277,16.040000915527344,-0.7942861763311496,-1.6273705223307993,-0.8090080978595292,-0.3839469036160295,-0.6627746191388587,-0.8898088427330052
516,2022-10-06,14.40999984741211,5.630000114440918,1.3799999952316284,238.1300048828125,20.950000762939453,14.770000457763672,-0.8527493036437186,-1.7117218825177576,-0.8664146573351091,-0.4278171762721592,-1.2098881341694763,-0.9988415085448664
517,2022-10-07,13.170000076293944,5.230000019073486,1.350000023841858,223.07000732421875,19.56999969482422,13.760000228881836,-0.9777394312685941,-1.8893036822958829,-0.9238212168106891,-0.6743425511609413,-1.4658262792611692,-1.0855525146333924
518,2022-10-10,12.479999542236328,5.230000019073486,1.309999942779541,222.9600067138672,19.0,13.279999732971191,-1.0472904560525131,-1.8893036822958829,-1.0003635242248523,-0.6761432115926185,-1.571539722508997,-1.1267617388822642
519,2022-10-11,12.649999618530272,5.46999979019165,1.2699999809265137,216.5,19.68000030517578,12.829999923706056,-1.0301547018958346,-1.7827547294453785,-1.0769056035256255,-0.7818906110011522,-1.4454253152164211,-1.165395330326321
520,2022-10-12,13.09000015258789,5.130000114440918,1.2899999618530271,217.2400054931641,20.38999938964844,12.880000114440918,-0.9858033042683311,-1.9336990793169262,-1.0386345638752392,-0.7697770544808237,-1.31374726590526,-1.1611026908602509
521,2022-10-13,13.010000228881836,5.070000171661377,1.309999942779541,221.72000122070312,20.040000915527344,12.779999732971191,-0.9938671772680683,-1.9603363175295523,-1.0003635242248523,-0.6964415428424785,-1.3786587810635922,-1.1696879697923914
522,2022-10-14,11.890000343322754,4.78000020980835,1.2699999809265137,204.9900054931641,18.71999931335449,11.75,-1.1067614953933378,-2.089083074737554,-1.0769056035256255,-0.9703040353543566,-1.62346928837689,-1.2581159825421728
523,2022-10-17,12.40999984741211,4.75,1.3300000429153442,219.3500061035156,18.950000762939453,12.210000038146973,-1.054346320895046,-2.102401799690843,-0.9620922564610758,-0.7352372951310197,-1.5808126950341224,-1.2186238468298443
524,2022-10-18,13.010000228881836,4.849999904632568,1.3700000047683716,220.19000244140625,18.920000076293945,12.210000038146973,-0.9938671772680683,-2.0580064026697995,-0.8855501771603025,-0.721486933532486,-1.5863766907939338,-1.2186238468298443
525,2022-10-19,12.640000343322754,4.46999979019165,1.2999999523162842,222.0399932861328,16.799999237060547,10.920000076293944,-1.03116261392409,-2.2267091230437157,-1.0194990440500455,-0.6912034169009192,-1.9795568809565987,-1.329373519302961
526,2022-10-20,12.600000381469728,4.340000152587891,1.3200000524520874,207.27999877929688,17.299999237060547,10.970000267028809,-1.0351945504239584,-2.2844230333240967,-0.981227776286269,-0.9328178769960817,-1.8868257407404372,-1.3250808798368907
527,2022-10-21,13.3100004196167,4.489999771118164,1.2799999713897705,214.44000244140625,17.770000457763672,11.210000038146973,-0.9636276054545794,-2.2178300436395073,-1.0577700837004322,-0.8156118429221035,-1.79965824254286,-1.3044763086500986
528,2022-10-24,12.800000190734863,4.170000076293945,1.3600000143051147,211.25,14.68000030517578,9.449999809265137,-1.0150348679246155,-2.359895314106846,-0.9046856969854957,-0.8678307456612377,-2.3727367173780367,-1.4555766611038155
529,2022-10-25,13.920000076293944,4.579999923706055,1.350000023841858,222.4199981689453,15.899999618530272,10.630000114440918,-0.9021405497993463,-2.1778740804735923,-0.9238212168106891,-0.6849829081770342,-2.1464728625974443,-1.3542707299558232
530,2022-10-26,13.90999984741211,4.559999942779541,1.3200000524520874,224.63999938964844,16.270000457763672,10.8100004196167,-0.9031485579565505,-2.186753159877801,-0.981227776286269,-0.6486424883955522,-2.077851663191345,-1.3388172606280853
531,2022-10-27,13.789999961853027,4.190000057220459,1.3200000524520874,225.08999633789065,14.984999656677246,9.979999542236328,-0.9152443674561562,-2.3510162347026373,-0.981227776286269,-0.6412762410948734,-2.3161708421181952,-1.4100748792641613
532,2022-10-28,14.229999542236328,4.150000095367432,1.2899999618530271,228.5200042724609,14.260000228881836,9.6899995803833,-0.8708930659576017,-2.368774393511055,-1.0386345638752392,-0.5851285565649439,-2.450630889309261,-1.4349720899170235
533,2022-10-31,14.289999961853027,4.460000038146973,1.309999942779541,227.5399932861328,13.619999885559082,9.670000076293944,-0.8648451131433244,-2.2311485568988445,-1.0003635242248523,-0.6011708948760677,-2.569326812459369,-1.4366890965782793
534,2022-11-01,13.619999885559082,4.639999866485596,1.2799999713897705,227.82000732421875,14.5600004196167,9.710000038146973,-0.932380121612835,-2.1512368422609662,-1.0577700837004322,-0.5965871912303877,-2.3949921698054415,-1.4332550013804801
535,2022-11-02,13.34000015258789,4.25,1.2599999904632568,214.97999572753903,16.31999969482422,9.489999771118164,-0.9606036771119152,-2.3243789964900112,-1.096041123350819,-0.8067723961171905,-2.0685786906662194,-1.4521425659060168
536,2022-11-03,13.640000343322754,4.400000095367432,1.2599999904632568,215.30999755859372,16.75,9.9399995803833,-0.9303641052984263,-2.2577857951114706,-1.096041123350819,-0.8013704148221591,-1.9888298534817241,-1.4135089744619598
537,2022-11-04,13.890000343322754,4.570000171661377,1.2200000286102295,207.47000122070312,18.309999465942383,11.68000030517578,-0.9051644781420104,-2.182313514328721,-1.172583202651592,-0.9297076226341392,-1.6995087950548435,-1.2641256286694986
538,2022-11-07,13.850000381469728,4.480000019073486,1.2400000095367432,197.0800018310547,18.15999984741211,10.979999542236328,-0.9091964146418787,-2.2222694774946357,-1.1343121630012054,-1.0997872315226331,-1.7273280663714468,-1.3242224174439068
539,2022-11-08,13.5,4.539999961853027,1.2599999904632568,191.3000030517578,18.46999931335449,10.5600004196167,-0.9444759311124408,-2.1956322392820096,-1.096041123350819,-1.1944032074136623,-1.6698348584849707,-1.3602803760831488
540,2022-11-09,11.210000038146973,4.28000020980835,1.2400000095367432,177.58999633789062,16.18000030517578,9.25,-1.1753045120200527,-2.3110602715367228,-1.1343121630012054,-1.4188298404004094,-2.094543296729552,-1.4727471370928087
541,2022-11-10,12.109999656677246,4.559999942779541,1.2100000381469729,190.72000122070312,17.40999984741211,10.34000015258789,-1.0845858927085348,-2.186753159877801,-1.191718722476785,-1.2038975760734596,-1.866424776695689,-1.3791679406086854
542,2022-11-11,12.90999984741211,5.510000228881836,1.2100000381469729,195.97000122070312,18.96999931335449,11.5600004196167,-1.003947066582214,-1.7649963589430098,-1.191718722476785,-1.1179574414133742,-1.5771037182688092,-1.2744279142628945
543,2022-11-14,12.210000038146973,5.630000114440918,1.2799999713897705,190.9499969482422,17.959999084472656,11.170000076293944,-1.074506003394389,-1.7117218825177576,-1.0577700837004322,-1.2001326496361355,-1.764420663954402,-1.3079104038478975
544,2022-11-15,12.359999656677246,5.860000133514404,1.309999942779541,194.4199981689453,18.940000534057617,11.510000228881836,-1.059386265552119,-1.609612363522382,-1.0003635242248523,-1.1433302930308236,-1.5826673602873929,-1.2787205537289648
545,2022-11-16,11.369999885559082,5.829999923706055,1.2799999713897705,186.9199981689453,17.770000457763672,10.529999732971191,-1.1591767660205783,-1.6229310884756707,-1.0577700837004322,-1.266101913973803,-1.79965824254286,-1.3628560088879638
546,2022-11-17,11.460000038146973,6.21999979019165,1.2599999904632568,183.1699981689453,18.36000061035156,10.670000076293944,-1.1501048848636368,-1.4497889342466255,-1.096041123350819,-1.3274877244452925,-1.690235468788492,-1.3508366347580247
547,2022-11-18,11.260000228881836,6.320000171661377,1.2799999713897705,180.19000244140625,17.8799991607666,10.470000267028809,-1.1702645673629797,-1.4053933255316307,-1.0577700837004322,-1.3762689118950424,-1.7792576322393387,-1.3680071107470178
548,2022-11-21,10.3100004196167,6.489999771118164,1.2400000095367432,167.8699951171875,17.56999969482422,10.020000457763672,-1.2660231313315704,-1.3299212564428327,-1.1343121630012054,-1.5779418811248709,-1.8367508401258155,-1.4066407021910747
549,2022-11-22,10.130000114440918,7.820000171661377,1.2400000095367432,169.91000366210938,16.729999542236328,10.010000228881836,-1.2841668936454536,-0.7394617351341247,-1.1343121630012054,-1.5445478603518592,-1.992539183988265,-1.4074992464593463
550,2022-11-23,10.25,7.869999885559082,1.25,183.1999969482422,17.329999923706055,10.5600004196167,-1.2720710841458478,-0.7172641424705788,-1.1151766431760122,-1.3269966579438808,-1.8812617449806257,-1.3602803760831488
551,2022-11-25,10.020000457763672,8.0,1.2400000095367432,182.8600006103516,16.809999465942383,10.170000076293944,-1.295254694987855,-0.6595500204962466,-1.1343121630012054,-1.3325622448128815,-1.9777022157033282,-1.393762865668152
552,2022-11-28,9.850000381469728,6.889999866485596,1.2200000286102295,182.9199981689453,17.040000915527344,10.119999885559082,-1.3123904491445335,-1.1523394566647074,-1.172583202651592,-1.3315801118100585,-1.9350456223605614,-1.398055505134222
553,2022-11-29,9.760000228881836,7.130000114440918,1.2400000095367432,180.8300018310547,18.530000686645508,10.5,-1.3214623303014752,-1.0457902921202518,-1.1343121630012054,-1.3657924102324215,-1.6587068669653473,-1.3654315598174909
554,2022-11-30,10.140000343322754,7.440000057220459,1.2400000095367432,194.6999969482422,22.0,12.779999732971191,-1.2831588854882492,-0.9081644555080413,-1.1343121630012054,-1.1387468391646458,-1.0151528812120278,-1.1696879697923914
555,2022-12-01,9.829999923706056,7.070000171661377,1.2599999904632568,194.6999969482422,21.299999237060547,12.09000015258789,-1.3144064654589422,-1.0724275303328776,-1.096041123350819,-1.1387468391646458,-1.1449766190111448,-1.2289261324232403
556,2022-12-02,10.149999618530272,6.610000133514404,1.2699999809265137,194.8600006103516,22.780000686645508,13.130000114440918,-1.2821509734599938,-1.276646568323629,-1.0769056035256255,-1.1361276513041147,-0.870492175127974,-1.1396395754051873
557,2022-12-05,9.43000030517578,6.179999828338623,1.2100000381469729,182.4499969482422,22.11000061035156,12.800000190734863,-1.3547258304576286,-1.467547093055043,-1.191718722476785,-1.3392738200381789,-0.9947519171672803,-1.1679708812558482
558,2022-12-06,8.649999618530273,5.670000076293945,1.2300000190734863,179.82000732421875,23.100000381469727,13.239999771118164,-1.4333487363984891,-1.6939637237093403,-1.1534476828263989,-1.3823255652654554,-0.811144301988227,-1.1301958340800629
559,2022-12-07,8.609999656677246,5.889999866485596,1.2300000190734863,174.0399932861328,22.59000015258789,12.579999923706056,-1.4373806728983578,-1.5962938502630446,-1.1534476828263989,-1.4769417909359868,-0.905730107457659,-1.1868584457813847
560,2022-12-08,8.680000305175781,6.130000114440918,1.2000000476837158,173.44000244140625,24.100000381469727,13.40999984741211,-1.430324711926876,-1.489744685718589,-1.2108542423019788,-1.4867633707437238,-0.6256820215559039,-1.1156009090205965
561,2022-12-09,8.680000305175781,6.010000228881836,1.25,179.0500030517578,21.1200008392334,12.630000114440918,-1.430324711926876,-1.5430191621438412,-1.1151766431760122,-1.3949301882871952,-1.1783595323463323,-1.1825658063153144
562,2022-12-12,8.279999732971191,5.900000095367432,1.2000000476837158,167.82000732421875,20.71999931335449,12.489999771118164,-1.4706441730545108,-1.5918542047139645,-1.2108542423019788,-1.5787601587742222,-1.2525447275122437,-1.1945851804452536
563,2022-12-13,7.989999771118164,5.78000020980835,1.2000000476837158,160.9499969482422,20.34000015258789,12.3100004196167,-1.4998757367107953,-1.6451286811392167,-1.2108542423019788,-1.6912191334080529,-1.323020238430386,-1.2100385678977037
564,2022-12-14,7.679999828338623,5.380000114440918,1.1799999475479126,156.8000030517578,20.280000686645508,12.100000381469728,-1.5311232686170142,-1.822710480917342,-1.2491255100657552,-1.759152663751367,-1.3341478762087817,-1.2280675881549685
565,2022-12-15,7.449999809265137,5.039999961853027,1.149999976158142,157.6699981689453,20.43000030517578,11.880000114440918,-1.5543069275234958,-1.973655042482841,-1.3065320695413352,-1.7449112356514223,-1.3063286048921787,-1.2469551526805052
566,2022-12-16,7.369999885559082,4.989999771118164,1.1399999856948853,150.22999572753906,20.450000762939453,11.600000381469728,-1.562370800523233,-1.9958528468403385,-1.3256675893665286,-1.866700723591578,-1.3026192743856377,-1.2709938190650958
567,2022-12-19,7.230000019073486,4.710000038146973,1.1299999952316284,149.8699951171875,20.040000915527344,11.0600004196167,-1.5764825782727732,-2.12015995849926,-1.3448031091917219,-1.8725937713880212,-1.3786587810635922,-1.3173541451730217
568,2022-12-20,7.230000019073486,4.670000076293945,1.1399999856948853,137.8000030517578,20.1200008392334,11.09000015258789,-1.5764825782727732,-2.1379181173076773,-1.3256675893665286,-2.0701741034735814,-1.3638218127786554,-1.3147785942434946
569,2022-12-21,7.179999828338623,4.820000171661377,1.100000023841858,137.57000732421875,20.799999237060547,11.609999656677246,-1.581522522929846,-2.0713249159291367,-1.4022096686673018,-2.0739390299109055,-1.2377077592273062,-1.270135356672112
570,2022-12-22,6.889999866485596,4.760000228881836,1.090000033378601,125.3499984741211,20.43000030517578,11.289999961853027,-1.6107540865861305,-2.097962154141763,-1.421345188492495,-2.273975069172778,-1.3063286048921787,-1.2976081182545014
571,2022-12-23,6.699999809265137,4.880000114440918,1.1200000047683716,123.1500015258789,18.770000457763672,10.970000267028809,-1.6299058089927436,-2.0446876777165106,-1.363938629016915,-2.309988028026818,-1.6141959621105368,-1.3250808798368907
572,2022-12-27,6.199999809265137,4.690000057220459,1.0399999618530271,109.0999984741211,18.540000915527344,10.0600004196167,-1.6803050633055754,-2.129039037903469,-1.517023015731852,-2.539980247882566,-1.6568522017120768,-1.403206606993276
573,2022-12-28,6.380000114440918,4.75,1.0499999523162842,112.70999908447266,18.43000030517578,9.800000190734863,-1.6621613009916922,-2.102401799690843,-1.4978874959066584,-2.4808861643441653,-1.677253165756825,-1.4255282667166114
574,2022-12-29,6.699999809265137,5.429999828338623,1.059999942779541,121.81999969482422,19.489999771118164,9.989999771118164,-1.6299058089927436,-1.800512888253796,-1.478751976081465,-2.331759558780913,-1.4806632475461061,-1.4092163349958895
575,2022-12-30,6.829999923706055,5.309999942779541,1.0700000524520874,123.18000030517578,20.399999618530277,9.75,-1.6168019913359335,-1.8537873646790481,-1.4596162281428817,-2.309496961525406,-1.3118926006519895,-1.4298209061826817
576,2023-01-03,6.170000076293945,5.320000171661377,1.0299999713897705,108.0999984741211,20.979999542236328,9.630000114440918,-1.6833289916482397,-1.849347719129968,-1.5361585355570448,-2.55634979734163,-1.2043244921508918,-1.4401231917760775
577,2023-01-04,6.480000019073486,5.489999771118164,1.0299999713897705,113.63999938964844,22.979999542236328,10.630000114440918,-1.6520814597420208,-1.7738756500411699,-1.5361585355570448,-2.465662478351646,-0.8333999312862457,-1.3542707299558232
578,2023-01-05,6.25,5.650000095367432,1.0800000429153442,110.33999633789062,23.040000915527344,10.859999656677246,-1.6752651186485026,-1.702842803113549,-1.4404807083176885,-2.519682041522457,-0.8222719397666228,-1.3345247030373029
579,2023-01-06,6.360000133514404,5.650000095367432,1.1100000143051147,113.05999755859376,20.93000030517578,10.369999885559082,-1.6641772692416266,-1.702842803113549,-1.3830741488421086,-2.4751568470114433,-1.2135974646760173,-1.3765923896791583
