,Date,PSNY,FORD,TSLA,LI,NIO,PSNY_z_norm,FORD_z_norm,TSLA_z_norm,LI_z_norm,NIO_z_norm
0,2021-05-18,10.0,2.440000057220459,192.6233367919922,19.40999984741211,34.189998626708984,0.20945569316691728,1.1523956864230334,-1.242830491957582,-1.510590134432001,0.6552781099107048
1,2021-05-19,9.779999732971191,2.470000028610229,187.82000732421875,19.549999237060547,33.459999084472656,0.11043426876335681,1.2102227775695378,-1.3240699759775807,-1.48459197325848,0.5922372711882292
2,2021-05-20,9.760000228881836,2.8299999237060547,195.5933380126953,20.270000457763672,34.33000183105469,0.10143255522437512,1.9041483308964708,-1.1925983835154075,-1.3508863347697868,0.6673684180754872
3,2021-05-21,9.760000228881836,2.650000095367432,193.6266632080078,20.489999771118164,34.060001373291016,0.10143255522437512,1.55718578401744,-1.2258610708742252,-1.310032030897342,0.6440518893270843
4,2021-05-24,9.760000228881836,2.5299999713897705,202.14666748046875,20.809999465942383,35.88999938964844,0.10143255522437512,1.3258769598625493,-1.081760867965646,-1.250607460101648,0.8020857004966409
5,2021-05-25,9.729999542236328,2.400000095367432,201.56333923339844,19.989999771118164,36.06999969482422,0.08792934104721212,1.075292898227694,-1.0916267924507823,-1.4028830113152098,0.817630052995576
6,2021-05-26,9.729999542236328,2.440000057220459,206.3766632080078,22.81999969482422,37.7599983215332,0.08792934104721212,1.1523956864230334,-1.0102182697288098,-0.8773464763180147,0.9635738854275636
7,2021-05-27,9.75,2.8299999237060547,210.2833404541016,23.649999618530277,38.90999984741211,0.09693148383198745,1.9041483308964708,-0.9441440089822436,-0.7232138629922891,1.0628849897899593
8,2021-05-28,9.699999809265137,2.8499999046325684,208.4066619873047,23.299999237060547,38.619998931884766,0.07442655611584276,1.9426997249941411,-0.9758845738002332,-0.7882096201244733,1.0378412741608731
9,2021-06-01,9.760000228881836,2.7100000381469727,207.96665954589844,23.809999465942383,42.34000015258789,0.10143255522437512,1.6728399663104496,-0.9833264058767559,-0.6935015775944426,1.3590907865692492
10,2021-06-02,9.779999732971191,2.690000057220459,201.7066650390625,24.34000015258789,41.15999984741211,0.11043426876335681,1.6342885722127793,-1.089202700042169,-0.5950794108400859,1.2571890665994356
11,2021-06-03,9.800000190734863,2.650000095367432,190.94667053222656,24.959999084472656,40.900001525878906,0.11943641154813216,1.55718578401744,-1.271188218141258,-0.47994439347302353,1.2347362960049812
12,2021-06-04,9.760000228881836,2.7100000381469727,199.68333435058597,25.63999938964844,41.93999862670898,0.10143255522437512,1.6728399663104496,-1.1234236174779777,-0.353667003432982,1.3245477078100119
13,2021-06-07,9.760000228881836,2.880000114440918,201.7100067138672,26.68000030517578,43.68000030517578,0.10143255522437512,2.0005272757095147,-1.0891461817586081,-0.16053679414859523,1.4748096721573147
14,2021-06-08,9.800000190734863,2.990000009536743,201.19667053222656,28.46999931335449,43.560001373291016,0.11943641154813216,2.212559943246701,-1.097828319181218,0.17186953156421178,1.4644468803004291
15,2021-06-09,9.800000190734863,2.890000104904175,199.5933380126953,27.43000030517578,42.7400016784668,0.11943641154813216,2.0198029727583497,-1.1249457400188065,-0.021260323521793897,1.393633865328486
16,2021-06-10,9.789999961853027,2.8399999141693115,203.3733367919922,27.0,42.7599983215332,0.11493534015574448,1.9234240279453059,-1.061014012560467,-0.10111222335290097,1.3953607227819556
17,2021-06-11,9.770000457763672,2.930000066757202,203.29666137695312,28.11000061035156,45.68000030517578,0.1059336266167628,2.0969057609536903,-1.062310836190115,0.10501706651824629,1.6475244070990716
18,2021-06-14,9.79699993133545,2.819999933242798,205.89666748046875,28.239999771118164,46.54999923706055,0.11808600428125712,1.8848726338476358,-1.0183365146875827,0.12915816557960483,1.722655224559116
19,2021-06-15,9.800000190734863,2.7300000190734863,199.7866668701172,28.209999084472656,45.150001525878906,0.11943641154813216,1.71139136040812,-1.1216759379516148,0.12358697924311557,1.6017551077562144
20,2021-06-16,9.800000190734863,3.1600000858306885,201.6233367919922,28.399999618530277,45.02000045776367,0.11943641154813216,2.540247252645766,-1.09061204409023,0.15887045097745262,1.5905285577453805
21,2021-06-17,9.800000190734863,3.2100000381469727,205.5333404541016,30.8799991607666,47.36000061035156,0.11943641154813216,2.6366257378899416,-1.024481523134457,0.6194112288424636,1.7926048108043244
22,2021-06-18,9.800000190734863,3.0,207.7700042724609,30.11000061035156,46.90999984741211,0.11943641154813216,2.231835640295536,-0.9866524681531549,0.4764209881897165,1.7537439295569863
23,2021-06-21,9.786999702453612,2.869999885559082,206.94332885742188,30.11000061035156,46.5099983215332,0.11358493288886864,1.9812511190918112,-1.000634162438415,0.4764209881897165,1.7192008507977496
24,2021-06-22,9.829999923706056,2.880000114440918,207.90333557128903,28.93000030517578,44.09999847412109,0.1329391964795023,2.0005272757095147,-0.9843974144465154,0.2572926177318087,1.5110796083700206
25,2021-06-23,9.789999961853027,3.009999990463257,218.85667419433597,31.18000030517578,45.40999984741211,0.11493534015574448,2.251111337344371,-0.7991418362058795,0.6751220296122127,1.6242078783506688
26,2021-06-24,9.779999732971191,3.039999961853028,226.60667419433597,30.68000030517578,45.459999084472656,0.11043426876335681,2.3089384284908774,-0.6680648394312153,0.5822710491943451,1.62852568083877
27,2021-06-25,9.789999961853027,3.069999933242798,223.9566650390625,31.68000030517578,45.06999969482422,0.11493534015574448,2.3667655196373816,-0.7128848705923263,0.7679730100300802,1.5948463602334817
28,2021-06-28,9.789999961853027,2.9800000190734863,229.5733337402344,33.709999084472656,49.400001525878906,0.11493534015574448,2.193284246197866,-0.6178892492726016,1.1449477638396586,1.9687739195074476
29,2021-06-29,9.760000228881836,2.9600000381469727,226.9199981689453,34.25,50.34000015258789,0.10143255522437512,2.154732852100196,-0.6627655406429193,1.2452269927061785,2.0499497263362763
30,2021-06-30,9.765000343322754,2.9600000381469727,226.5666656494141,34.939998626708984,53.20000076293945,0.10368309092056896,2.154732852100196,-0.6687415103878196,1.3733610906600013,2.296931850011343
31,2021-07-01,9.739999771118164,2.9800000190734863,225.97332763671875,34.689998626708984,50.900001525878906,0.09243041243959979,2.193284246197866,-0.6787767316492845,1.3269356004510675,2.0983099707137653
32,2021-07-02,9.729999542236328,3.130000114440918,226.3000030517578,32.66999816894531,50.400001525878906,0.08792934104721212,2.482420161499261,-0.673251617801099,0.9518175545552712,2.055131286978326
33,2021-07-06,9.75,3.069999933242798,219.8600006103516,33.58000183105469,50.290000915527344,0.09693148383198745,2.3667655196373816,-0.7821724151225227,1.120807018976682,2.045631923848175
34,2021-07-07,9.729999542236328,2.880000114440918,214.88333129882807,32.029998779296875,46.040000915527344,0.08792934104721212,2.0005272757095147,-0.8663436238057665,0.8329684129638827,1.678613112096942
35,2021-07-08,10.229999542236328,2.789999961853028,217.60333251953125,31.790000915527344,45.59999847412109,0.31297775971707176,1.8270455427011312,-0.8203398055821286,0.7884003390654931,1.6406156595763381
36,2021-07-09,10.300000190734863,2.7699999809265137,218.98333740234372,31.81999969482422,45.52999877929688,0.3444848302179918,1.7884941486034602,-0.7969995609920084,0.7939711712036013,1.634570670207555
37,2021-07-12,10.260000228881836,2.869999885559082,228.5666656494141,32.810001373291016,46.34000015258789,0.32648097389423475,1.9812511190918112,-0.6349151886395191,0.9778164241255544,1.7045202564527628
38,2021-07-13,10.149999618530272,2.740000009536743,222.8466644287109,32.52000045776367,44.959999084472656,0.2769700470695569,1.730667057456955,-0.7316584894856077,0.9239626854679682,1.5853469971033307
39,2021-07-14,10.039999961853027,2.6700000762939453,217.7933349609375,30.32999992370605,43.04999923706055,0.2274595494906743,1.5957371781151093,-0.8171262637241433,0.517275292062161,1.4204044384110417
40,2021-07-15,9.989999771118164,2.5999999046325684,216.86666870117188,30.979999542236328,43.68000030517578,0.2049546217745296,1.4608068392043951,-0.8327991192522064,0.6379814957657133,1.4748096721573147
41,2021-07-16,10.010000228881836,2.539999961853028,214.7400054931641,30.31999969482422,42.79999923706055,0.21395676455930496,1.3451526569113852,-0.8687677162143785,0.5154182299499986,1.398815096543322
42,2021-07-19,9.9399995803833,2.740000009536743,215.4066619873047,30.540000915527344,43.34999847412109,0.1824496940583849,1.730667057456955,-0.8574924476811816,0.5562728880208242,1.4463115827668618
43,2021-07-20,9.93000030517578,2.6600000858306885,220.1666717529297,30.729999542236328,44.16999816894531,0.1779490519117901,1.576461481066274,-0.7769856367526399,0.5915560055567795,1.5171245977388057
44,2021-07-21,9.949999809265137,2.7300000190734863,218.42999267578125,33.40999984741211,46.77000045776367,0.18695076545077258,1.71139136040812,-0.8063583693712222,1.0892373172682905,1.7416539508194175
45,2021-07-22,9.989999771118164,2.6600000858306885,216.4199981689453,32.93000030517578,46.06999969482422,0.2049546217745296,1.576461481066274,-0.8403537298214966,1.0001004610747493,1.68120372770436
46,2021-07-23,10.0,2.5799999237060547,214.4600067138672,30.280000686645508,43.9900016784668,0.20945569316691728,1.4222554451067249,-0.8735033806131928,0.5079903356997274,1.501580574667084
47,2021-07-26,9.960000038146973,2.5899999141693115,219.2066650390625,30.770000457763672,43.16999816894531,0.19145183684316025,1.4415311421555599,-0.7932223847445399,0.5989842540054319,1.4307672302679273
48,2021-07-27,9.9399995803833,2.619999885559082,214.9266662597656,26.479999542236328,39.36000061035156,0.1824496940583849,1.4993582333020652,-0.865610692639955,-0.1976773279950947,1.1017458710372972
49,2021-07-28,9.93000030517578,2.559999942779541,215.66000366210935,30.63999938964844,41.84000015258789,0.1779490519117901,1.3837040510090546,-0.8532076391790837,0.5748428007456935,1.31591210283381
50,2021-07-29,9.90999984741211,2.7799999713897705,225.7833404541016,30.65999984741211,42.619998931884766,0.16894690912701554,1.8077698456522953,-0.681990015432915,0.578556924970019,1.3832707440443868
51,2021-07-30,9.899999618530272,2.619999885559082,229.0666656494141,33.38999938964844,44.68000030517578,0.1644458377346271,1.4993582333020652,-0.626458608202444,1.0855231930439644,1.5611670396281931
52,2021-08-02,9.899999618530272,2.630000114440918,236.55667114257807,33.68000030517578,45.84999847412109,0.1644458377346271,1.5186343899197687,-0.4997789403482928,1.1393769317015505,1.662205001444058
53,2021-08-03,9.899999618530272,2.609999895095825,236.5800018310547,32.540000915527344,44.56999969482422,0.1644458377346271,1.4800825362532302,-0.499384344660783,0.9276768096922944,1.5516676764980424
54,2021-08-04,9.890000343322754,2.569999933242798,236.97332763671875,32.689998626708984,45.09000015258789,0.15994519558803388,1.4029797480578898,-0.492731962033632,0.9555316787795973,1.5965735471141649
55,2021-08-05,9.890000343322754,2.680000066757202,238.2100067138672,31.350000381469727,45.59999847412109,0.15994519558803388,1.6150128751639443,-0.47181580985212485,0.706691377122223,1.6406156595763381
56,2021-08-06,9.890000343322754,2.7300000190734863,233.0333404541016,30.350000381469727,43.84000015258789,0.15994519558803388,1.71139136040812,-0.5593695990953259,0.5209894162864879,1.4886268377755667
57,2021-08-09,9.899999618530272,2.680000066757202,237.9199981689453,30.68000030517578,45.209999084472656,0.1644458377346271,1.6150128751639443,-0.47672077102726673,0.5822710491943451,1.6069363389710505
58,2021-08-10,9.880000114440918,2.680000066757202,236.663330078125,30.38999938964844,44.220001220703125,0.1554441241956462,1.6150128751639443,-0.49797500061272193,0.5284173105367598,1.5214427296541204
59,2021-08-11,9.859999656677246,2.609999895095825,235.94000244140625,30.71999931335449,43.970001220703125,0.14644198141087086,1.4800825362532302,-0.510208757297265,0.5896989434446157,1.4998533877864009
60,2021-08-12,9.880000114440918,2.559999942779541,240.75,30.11000061035156,42.470001220703125,0.1554441241956462,1.3837040510090546,-0.4288564947844991,0.4764209881897165,1.3703173365800831
61,2021-08-13,9.90999984741211,2.5999999046325684,239.05667114257807,28.65999984741211,41.02999877929688,0.16894690912701554,1.4608068392043951,-0.45749603816291723,0.2071530032985488,1.2459625165886021
62,2021-08-16,9.869999885559082,2.5199999809265137,228.72332763671875,27.65999984741211,38.619998931884766,0.15094305280325854,1.3066012628137142,-0.6322655392453713,0.021451042462813708,1.0378412741608731
63,2021-08-17,9.869999885559082,2.430000066757202,221.90333557128903,28.030000686645508,38.09999847412109,0.15094305280325854,1.1331199893741983,-0.7476131622084122,0.09016092381932339,0.9929354035447502
64,2021-08-18,9.84000015258789,2.4100000858306885,229.663330078125,28.51000022888184,38.86000061035156,0.13744026787188918,1.094568595276528,-0.6163671267317735,0.17929778001286542,1.058567187301858
65,2021-08-19,9.829999923706056,2.3499999046325684,224.4900054931641,27.540000915527344,36.290000915527344,0.1329391964795023,0.978913953414649,-0.7038643976914138,-0.0008329944863810819,0.8366287792558776
66,2021-08-20,9.81999969482422,2.4200000762939453,226.7533264160156,28.559999465942383,36.91999816894531,0.12843812508711464,1.113844292325363,-0.6655844868133961,0.18858273637529907,0.8910336835749373
67,2021-08-23,9.760000228881836,2.4600000381469727,235.43333435058597,29.200000762939453,38.16999816894531,0.10143255522437512,1.1909470805207036,-0.518778116227107,0.3074322321650687,0.9989803929135352
68,2021-08-24,9.760000228881836,2.619999885559082,236.163330078125,30.459999084472656,38.93999862670898,0.10143255522437512,1.4993582333020652,-0.506431581049797,0.5414163911235196,1.0654756053973766
69,2021-08-25,9.779999732971191,2.5799999237060547,237.0666656494141,30.63999938964844,38.95000076293945,0.11043426876335681,1.4222554451067249,-0.4911533212092422,0.5748428007456935,1.0663393635513256
70,2021-08-26,9.850000381469728,2.539999961853028,233.72000122070312,29.6200008392334,38.2599983215332,0.14194133926427766,1.3451526569113852,-0.5477559950838269,0.3854270698840127,1.0067525691630028
71,2021-08-27,9.869999885559082,2.650000095367432,237.30667114257807,29.34000015258789,38.04999923706055,0.15094305280325854,1.55718578401744,-0.4870940696926801,0.33343039333858965,0.9886176010566496
72,2021-08-30,9.829999923706056,2.539999961853028,243.6366729736328,29.030000686645508,37.79999923706055,0.1329391964795023,1.3451526569113852,-0.38003373039038574,0.2758628846550585,0.96702825918893
73,2021-08-31,9.829999923706056,2.5999999046325684,245.2400054931641,30.86000061035156,39.310001373291016,0.1329391964795023,1.4608068392043951,-0.35291630955279657,0.6156974588165178,1.097428068549196
74,2021-09-01,9.850000381469728,2.5,244.69667053222656,30.46999931335449,39.08000183105469,0.14194133926427766,1.268049868716044,-0.3621058211556831,0.543273453235682,1.0775659135621596
75,2021-09-02,9.869999885559082,2.509999990463257,244.1300048828125,31.200000762939453,40.34999847412109,0.15094305280325854,1.2873255657648792,-0.371689928446078,0.678836153836539,1.1872394803542266
76,2021-09-03,9.960000038146973,2.5199999809265137,244.52333068847656,30.280000686645508,40.369998931884766,0.19145183684316025,1.3066012628137142,-0.36503754581892695,0.5079903356997274,1.1889666672349104
77,2021-09-07,10.0,2.450000047683716,250.97332763671875,30.989999771118164,40.59000015258789,0.20945569316691728,1.1716713834718684,-0.25594770979552883,0.6398385578778764,1.207965393495212
78,2021-09-08,9.989999771118164,2.440000057220459,251.2899932861328,30.21999931335449,38.13999938964844,0.2049546217745296,1.1523956864230334,-0.25059189272367155,0.4968479630267482,0.9963897773061172
79,2021-09-09,10.0,2.390000104904175,251.6199951171875,30.6200008392334,38.45000076293945,0.20945569316691728,1.0560172011788578,-0.24501051866627946,0.5711290307197477,1.0231606798158863
80,2021-09-10,10.0,2.4100000858306885,245.42333984375,30.190000534057617,37.97999954223633,0.20945569316691728,1.094568595276528,-0.34981554618757926,0.4912771308886407,0.9825726116878652
81,2021-09-13,9.989999771118164,2.380000114440918,247.6666717529297,29.57999992370605,38.38999938964844,0.2049546217745296,1.0367415041300228,-0.3118737127135086,0.3779988214353597,1.0179791191738368
82,2021-09-14,9.869999885559082,2.309999942779541,248.163330078125,29.809999465942383,37.88999938964844,0.15094305280325854,0.9018111652193086,-0.3034736505599943,0.42071018741996796,0.9748004354383977
83,2021-09-15,9.920000076293944,2.3399999141693115,251.94332885742188,29.739999771118164,38.02999877929688,0.17344798051940244,0.9596382563658139,-0.23954192310165479,0.4077111068332075,0.986890414175967
84,2021-09-16,9.9399995803833,2.309999942779541,252.3300018310547,28.8799991607666,37.09000015258789,0.1824496940583849,0.9018111652193086,-0.23300206089291697,0.24800730717099334,0.9057146073471376
85,2021-09-17,9.970000267028809,2.259999990463257,253.163330078125,29.09000015258789,37.5099983215332,0.19595290823554792,0.8054326799751331,-0.21890784618924317,0.2870049031296559,0.9419845435598441
86,2021-09-20,9.93000030517578,2.180000066757202,243.38999938964844,26.90999984741211,35.16999816894531,0.1779490519117901,0.6512271035844522,-0.38420576039971666,-0.11782542816398761,0.7399082905009
87,2021-09-21,9.9399995803833,2.200000047683716,246.4600067138672,27.059999465942383,34.900001525878906,0.1824496940583849,0.6897784976821225,-0.3322822326403855,-0.08997020487830358,0.7165920911797108
88,2021-09-22,9.949999809265137,2.2799999713897705,250.64666748046875,27.309999465942383,35.70000076293945,0.18695076545077258,0.8439840740728033,-0.2614725655693601,-0.0435447146693698,0.7856779192709709
89,2021-09-23,9.949999809265137,2.2799999713897705,251.2133331298828,27.270000457763672,36.0099983215332,0.18695076545077258,0.8439840740728033,-0.2518884582789653,-0.050972608919641026,0.8124484923535265
90,2021-09-24,9.979999542236328,2.259999990463257,258.1300048828125,26.11000061035156,35.380001068115234,0.20045355038214194,0.8054326799751331,-0.1349056762079748,-0.2663868551532239,0.7580435880344668
91,2021-09-27,10.449999809265137,2.289999961853028,263.78668212890625,26.90999984741211,36.77000045776367,0.41199918412063224,0.8632597711216393,-0.03923338393164615,-0.11782542816398761,0.8780802761106337
92,2021-09-28,10.3100004196167,2.5199999809265137,259.1866760253906,26.1299991607666,35.04999923706055,0.34898590161037946,1.3066012628137142,-0.11703402718247886,-0.2626730851272782,0.7295454986440144
93,2021-09-29,10.3100004196167,2.3499999046325684,260.4366760253906,25.729999542236328,35.130001068115234,0.34898590161037946,0.978913953414649,-0.09589257608979107,-0.336953798621896,0.7364542461667472
94,2021-09-30,10.220000267028809,2.390000104904175,258.49334716796875,26.290000915527344,35.630001068115234,0.30847711757047774,1.0560172011788578,-0.1287604096867458,-0.23296044553104997,0.7796329299021864
95,2021-10-01,10.239999771118164,2.319999933242798,258.4066772460937,26.290000915527344,35.380001068115234,0.3174788311094594,0.9210868622681437,-0.13022627201836867,-0.23296044553104997,0.7580435880344668
96,2021-10-04,10.170000076293944,2.259999990463257,260.510009765625,25.57999992370605,33.400001525878906,0.28597218985433226,0.8054326799751331,-0.09465227074370396,-0.36480902190758074,0.5870560399733932
97,2021-10-05,10.140000343322754,2.2300000190734863,260.1966552734375,26.989999771118164,33.869998931884766,0.2724694049229637,0.7476055888286278,-0.09995208568070879,-0.10296928546506405,0.6276437786742008
98,2021-10-06,10.140000343322754,2.1700000762939453,260.9166564941406,27.38999938964844,33.65999984741211,0.2724694049229637,0.6319514065356172,-0.08777458920537229,-0.028688571970445574,0.6095088105678477
99,2021-10-07,10.130000114440918,2.220000028610229,264.53668212890625,28.780000686645508,35.9900016784668,0.26796833353057603,0.7283298917797918,-0.026548513276033484,0.2294373944461247,0.8107216349000568
100,2021-10-08,10.149999618530272,2.200000047683716,261.8299865722656,28.489999771118164,35.83000183105469,0.2769700470695569,0.6897784976821225,-0.07232729066284398,0.1755836557885386,0.7969044692818048
101,2021-10-11,10.109999656677246,2.180000066757202,263.9800109863281,28.21999931335449,35.63999938964844,0.2589661907458007,0.6512271035844522,-0.03596358186445433,0.125444041355278,0.7804963586289212
102,2021-10-12,10.109999656677246,2.140000104904175,268.5733337402344,28.030000686645508,35.5099983215332,0.2589661907458007,0.5741243153891119,0.04172402481925683,0.09016092381932339,0.7692698086180872
103,2021-10-13,10.0600004196167,2.180000066757202,270.3599853515625,28.690000534057617,36.2400016784668,0.23646169227544964,0.6512271035844522,0.07194195094770912,0.21272418963503806,0.8323109767677764
104,2021-10-14,10.0600004196167,2.1700000762939453,272.7733459472656,29.450000762939453,36.27999877929688,0.23646169227544964,0.6319514065356172,0.1127595069501711,0.3538577223740025,0.8357650211019299
105,2021-10-15,10.010000228881836,2.190000057220459,281.010009765625,30.63999938964844,37.709999084472656,0.21395676455930496,0.6705028006332874,0.2520675271763757,0.5748428007456935,0.9592560829394624
106,2021-10-18,10.010000228881836,2.130000114440918,290.03668212890625,30.43000030517578,39.61000061035156,0.21395676455930496,0.5548486183402768,0.40473708901479727,0.5358455589854114,1.1233352129050167
107,2021-10-19,10.029999732971191,2.2100000381469727,288.0899963378906,31.1200008392334,40.02999877929688,0.22295847809828662,0.7090541947309575,0.37181247905992765,0.6639800111376153,1.159605149117724
108,2021-10-20,10.050000190734863,2.190000057220459,288.6000061035156,31.21999931335449,39.77999877929688,0.23196062088306196,0.6705028006332874,0.3804383562733309,0.6825499238624833,1.1380158072500042
109,2021-10-21,10.199999809265137,2.2699999809265137,298.0,32.040000915527344,39.970001220703125,0.2994749747857024,0.8247083770239683,0.5394219652606014,0.8348258292744268,1.1544239179028872
110,2021-10-22,10.220000267028809,2.289999961853028,303.2266540527344,32.290000915527344,38.880001068115234,0.30847711757047774,0.8632597711216393,0.6278212060880272,0.8812513194833607,1.0602943741825412
111,2021-10-25,10.34000015258789,2.2699999809265137,341.6199951171875,34.25,41.27000045776367,0.3624886865417488,0.8247083770239683,1.277173960007241,1.2452269927061785,1.2666884297295864
112,2021-10-26,10.5,2.25,339.4766540527344,33.08000183105469,40.470001220703125,0.4345041118367769,0.786156982926298,1.2409232877759728,1.0279560385588142,1.1976026016383263
113,2021-10-27,10.350000381469728,2.1700000762939453,345.9533386230469,32.66999816894531,39.310001373291016,0.3669897579341373,0.6319514065356172,1.3504644958447947,0.9518175545552712,1.097428068549196
114,2021-10-28,10.710000038146973,2.309999942779541,359.0133361816406,33.40999984741211,40.790000915527344,0.5290244648479497,0.9018111652193086,1.5713503355693,1.0892373172682905,1.2252369328748305
115,2021-10-29,10.720000267028809,2.259999990463257,371.3333435058594,32.630001068115234,39.40999984741211,0.5335255362403374,0.8054326799751331,1.7797206014145208,0.9443900145033811,1.1060636735253984
116,2021-11-01,10.960000038146973,2.2300000190734863,402.86334228515625,32.34000015258789,40.84000015258789,0.6415486741828795,0.7476055888286278,2.312992543130529,0.890536275845795,1.2295547353629317
117,2021-11-02,10.729999542236328,2.2300000190734863,390.6666564941406,31.190000534057617,41.29999923706055,0.5380261783869313,0.7476055888286278,2.1067080342156195,0.6769790917243758,1.2692790453370044
118,2021-11-03,10.6899995803833,2.289999961853028,404.6199951171875,30.959999084472656,41.5,0.5200223220631743,0.8632597711216393,2.342703095078705,0.6342673715413871,1.2865505847166228
119,2021-11-04,10.539999961853027,2.2100000381469727,409.9700012207031,31.959999084472656,43.119998931884766,0.45250796816053396,0.7090541947309575,2.4331886089851507,0.8199693323771222,1.426449427779826
120,2021-11-05,10.6899995803833,2.220000028610229,407.36334228515625,31.0,42.290000915527344,0.5200223220631743,0.7283298917797918,2.389101767064205,0.6416956199900394,1.354772984081148
121,2021-11-08,11.3100004196167,2.2699999809265137,387.6466674804688,31.350000381469727,43.20000076293945,0.7990827389500987,0.8247083770239683,2.055630474189222,0.706691377122223,1.4333581753025588
122,2021-11-09,11.199999809265137,2.319999933242798,341.1666564941406,29.979999542236328,40.63999938964844,0.7495718121254217,0.9210868622681437,1.2695065709451834,0.4522795349299782,1.2122831959833131
123,2021-11-10,10.670000076293944,2.25,355.9833374023437,29.63999938964844,39.54999923706055,0.5110206085241918,0.786156982926298,1.5201034787665721,0.3891408399099584,1.1181536522629671
124,2021-11-11,11.0600004196167,2.200000047683716,354.5033264160156,30.63999938964844,42.20000076293945,0.6865585296151689,0.6897784976821225,1.4950718148592959,0.5748428007456935,1.3470008078316804
125,2021-11-12,12.8100004196167,2.2300000190734863,344.47332763671875,30.399999618530277,42.66999816894531,1.4742279949596777,0.7476055888286278,1.3254328319375173,0.5302743726489229,1.387588546532488
126,2021-11-15,14.779999732971191,2.130000114440918,337.7966613769531,29.850000381469727,40.56999969482422,2.3609184554619533,0.5548486183402768,1.2125093013830905,0.42813843586862027,1.2062382066145287
127,2021-11-16,15.329999923706056,2.0999999046325684,351.57666015625,32.7599983215332,40.66999816894531,2.6084718018479585,0.49702106762490306,1.4455726375829323,0.9685307593663578,1.2148738115907312
128,2021-11-17,14.550000190734863,1.850000023841858,363.0033264160156,32.18000030517578,39.66999816894531,2.2573963889117987,0.015128411619591244,1.6388336822895728,0.8608239904479479,1.1285164441198527
129,2021-11-18,13.390000343322754,2.059999942779541,365.4599914550781,30.979999542236328,38.40999984741211,1.7352841262770513,0.4199182794295626,1.6803836533091374,0.6379814957657133,1.01970630605452
130,2021-11-19,13.760000228881836,1.9900000095367432,379.0199890136719,30.600000381469727,38.65999984741211,1.9018199045832522,0.2849884000877169,1.9097260734707178,0.5674149064954216,1.0412956479222397
131,2021-11-22,13.9399995803833,1.9600000381469729,385.6233215332031,31.190000534057617,41.4900016784668,1.982837043417262,0.22716130894121203,2.0214092986790577,0.6769790917243758,1.285687155989888
132,2021-11-23,13.420000076293944,1.8799999952316284,369.6766662597656,31.739999771118164,42.040000915527344,1.74878691120842,0.07295550276609655,1.751700952634793,0.7791150285046776,1.3331836422134284
133,2021-11-24,14.050000190734863,1.8600000143051147,372.0,32.619998931884766,41.41999816894531,2.032347970241939,0.034404108668426345,1.7909958699477182,0.9425325981928369,1.27964183719389
134,2021-11-26,13.539999961853027,1.870000004768372,360.6400146484375,32.400001525878906,39.9900016784668,1.8027984801796917,0.0536798057172623,1.5988626101687515,0.9016786485187734,1.1561511047835704
135,2021-11-29,14.109999656677246,1.850000023841858,378.9966735839844,34.47999954223633,40.459999084472656,2.0593535401046776,0.015128411619591244,1.9093317358575632,1.2879383586907862,1.196738843484378
136,2021-11-30,13.460000038146973,1.840000033378601,381.586669921875,35.439998626708984,39.130001068115234,1.7667907675321777,-0.004147285429243859,1.9531367605837673,1.4662120710778688,1.0818837160502608
137,2021-12-01,12.869999885559082,1.809999942779541,365.0,35.099998474121094,38.310001373291016,1.5012335648224164,-0.061974606360183385,1.6726037438286665,1.4030733760578484,1.0110707010783175
138,2021-12-02,12.520000457763672,1.7100000381469729,361.5333251953125,33.90999984741211,36.20000076293945,1.3436999293009908,-0.254731576848534,1.6139713151586235,1.1820882976861582,0.82885660300641
139,2021-12-03,11.949999809265137,1.6399999856948853,338.3233337402344,28.5,32.150001525878906,1.087144440130211,-0.3896616859748144,1.221416995791235,0.17744071790070168,0.4791093306347952
140,2021-12-06,12.199999809265137,1.690000057220459,336.336669921875,30.51000022888184,32.34000015258789,1.199668649465141,-0.29328297094620465,1.1878162310284694,0.5507017016843356,0.4955171118604652
141,2021-12-07,12.050000190734863,1.7799999713897705,350.5833435058594,30.940000534057617,33.119998931884766,1.1321542955625006,-0.11980169750668869,1.4287725132759035,0.630553601515442,0.562875753071042
142,2021-12-08,12.3100004196167,1.870000004768372,356.32000732421875,31.59000015258789,35.04999923706055,1.2491795762898181,0.0536798057172623,1.5257976313167325,0.7512598052189936,0.7295454986440144
143,2021-12-09,11.630000114440918,1.870000004768372,334.6000061035156,31.09000015258789,34.04999923706055,0.9431135895401549,0.0536798057172623,1.1584437564842414,0.6584088248011261,0.643188131173136
144,2021-12-10,11.56999969482422,1.809999942779541,339.010009765625,32.459999084472656,34.2599983215332,0.9161075904316234,-0.061974606360183385,1.2330308578770888,0.9128203127949898,0.6613230992794893
145,2021-12-13,11.649999618530272,1.919999957084656,322.1366577148437,31.36000061035156,33.65999984741211,0.9521153030791358,0.15005829096143738,0.947649140156052,0.7085484392343854,0.6095088105678477
146,2021-12-14,11.31999969482422,1.659999966621399,319.5033264160156,31.059999465942383,32.29999923706055,0.8035833810966936,-0.35111029187714415,0.9031111842640379,0.6528376384646368,0.49206273809909884
147,2021-12-15,11.59000015258789,1.7200000286102295,325.3299865722656,30.440000534057617,30.790000915527344,0.9251097332163979,-0.2354558797996993,1.0016584248456954,0.5377026210975745,0.3616632581660464
148,2021-12-16,11.130000114440918,1.7400000095367432,308.97332763671875,29.989999771118164,30.06999969482422,0.7180651708702953,-0.1969044857020291,0.7250156209051843,0.45413659704214127,0.2994858481703056
149,2021-12-17,11.140000343322754,1.600000023841858,310.8566589355469,29.940000534057617,30.0,0.722566242262683,-0.46676447417015476,0.7568687061415867,0.44485164067970695,0.2934408588015212
150,2021-12-20,11.220000267028809,1.559999942779541,299.9800109863281,28.25,28.15999984741211,0.7585739549101971,-0.5438674921499294,0.5729102096049539,0.1310152276917679,0.13454328947801641
151,2021-12-21,11.25,1.6399999856948853,312.84332275390625,29.96999931335449,30.15999984741211,0.7720767398415663,-0.3896616859748144,0.7904694709043524,0.45042247281781445,0.30725802441977323
152,2021-12-22,11.56999969482422,1.6399999856948853,336.2900085449219,30.399999618530277,29.850000381469727,0.9161075904316234,-0.3896616859748144,1.187027039653452,0.5302743726489229,0.28048728662361083
153,2021-12-23,11.550000190734863,1.600000023841858,355.6666564941406,30.420000076293945,30.520000457763672,0.9071058768926409,-0.46676447417015476,1.5147474036203616,0.5339884968732483,0.3383467294176436
154,2021-12-27,11.460000038146973,1.6299999952316284,364.6466674804688,29.899999618530277,29.959999084472656,0.8665970928527392,-0.40893738302364946,1.6666277740837667,0.43742339223105525,0.28998648504015484
155,2021-12-28,11.43000030517578,1.559999942779541,362.8233337402344,29.84000015258789,29.6299991607666,0.853094307921369,-0.5438674921499294,1.6357894372079156,0.4262813737564572,0.26148856036330925
156,2021-12-29,11.0600004196167,1.5099999904632568,362.0633239746094,29.420000076293945,28.25,0.6865585296151689,-0.6402459773941049,1.622935269775975,0.3482865360375132,0.14231546572748402
157,2021-12-30,11.34000015258789,1.5499999523162842,356.7799987792969,31.950000762939453,32.41999816894531,0.8125855238814681,-0.5631431891987645,1.5335775407972034,0.8181126244633402,0.5024255299559844
158,2021-12-31,11.699999809265137,1.559999942779541,352.260009765625,32.099998474121094,31.68000030517578,0.9746202307952814,-0.5438674921499294,1.4571302394595793,0.8459674935506432,0.43852126250677403
159,2022-01-03,11.989999771118164,1.6399999856948853,399.9266662597656,32.34000015258789,33.470001220703125,1.105148296453968,-0.3896616859748144,2.2633240690778376,0.890536275845795,0.5931010293421776
160,2022-01-04,11.729999542236328,1.75,383.1966552734375,30.32999992370605,31.57999992370605,0.9881230157266506,-0.177628788653194,1.980366701839769,0.517275292062161,0.42988549281696453
161,2022-01-05,11.25,1.5800000429153442,362.7066650390625,29.170000076293945,29.8799991607666,0.7720767398415663,-0.5053158682678249,1.6338162006960175,0.3018610458285794,0.28307790223102886
162,2022-01-06,11.039999961853027,1.6100000143051147,354.8999938964844,28.3799991607666,29.309999465942383,0.6775563868303935,-0.4474887771213197,1.5017807157700076,0.15515632675312577,0.23385422912680523
163,2022-01-07,11.289999961853027,1.6299999952316284,342.32000732421875,29.18000030517578,29.299999237060547,0.7900805961653234,-0.40893738302364946,1.2890133790786293,0.30371810794074255,0.23299063568646364
164,2022-01-10,11.380000114440918,1.5800000429153442,352.7066650390625,27.540000915527344,28.90999984741211,0.8305893802052251,-0.5053158682678249,1.4646845919545153,-0.0008329944863810819,0.19931131508117522
165,2022-01-11,11.609999656677246,1.5700000524520874,354.79998779296875,29.809999465942383,30.020000457763672,0.9341114467553796,-0.5245915653166601,1.500089296452851,0.42071018741996796,0.2951680456822044
166,2022-01-12,11.739999771118164,1.6699999570846558,368.739990234375,30.75,31.68000030517578,0.9926240871190384,-0.331834594828309,1.7358588003304019,0.5952701297811056,0.43852126250677403
167,2022-01-13,11.510000228881836,1.6399999856948853,343.85333251953125,30.770000457763672,30.479999542236328,0.8891020205688839,-0.3896616859748144,1.3149467547793376,0.5989842540054319,0.33489235565627723
168,2022-01-14,11.420000076293944,1.600000023841858,349.8699951171875,31.1299991607666,30.950000762939453,0.8485932365289813,-0.46676447417015476,1.4167075372189804,0.6658367190513973,0.3754804237842984
169,2022-01-18,11.18000030517578,1.5299999713897705,343.5033264160156,30.46999931335449,29.61000061035156,0.7405700985864392,-0.6016945832964347,1.3090270452436432,0.543273453235682,0.2597615381962325
170,2022-01-19,11.039999961853027,1.5499999523162842,331.8833312988281,29.26000022888184,28.6299991607666,0.6775563868303935,-0.5631431891987645,1.112496198469811,0.31857425063966677,0.17513119289243084
171,2022-01-20,11.010000228881836,1.5299999713897705,332.0899963378906,29.170000076293945,29.1299991607666,0.6640536018990242,-0.6016945832964347,1.1159915575225376,0.3018610458285794,0.21830987662787002
172,2022-01-21,10.550000190734863,1.4500000476837158,314.6333312988281,27.899999618530277,27.350000381469727,0.4570090395529216,-0.7559001596871155,0.8207441733907196,0.06601947055958506,0.06459386794641482
173,2022-01-24,10.56999969482422,1.5099999904632568,310.0,27.270000457763672,24.8700008392334,0.4660107530919041,-0.6402459773941049,0.7423798957504041,-0.050972608919641026,-0.14957236385009798
174,2022-01-25,10.510000228881836,1.4900000095367432,306.1333312988281,25.43000030517578,23.790000915527344,0.4390051832291646,-0.6787973714917751,0.6769823059604426,-0.3926642451932641,-0.24283831413010237
175,2022-01-26,10.65999984741211,1.559999942779541,312.4700012207031,25.09000015258789,22.65999984741211,0.506519537131805,-0.5438674921499294,0.7841554237555035,-0.45580294021328455,-0.3404222316118148
176,2022-01-27,10.260000228881836,1.5700000524520874,276.3666687011719,23.450000762939453,21.11000061035156,0.32648097389423475,-0.5245915653166601,0.17353395275973205,-0.7603540426404082,-0.4742760853062339
177,2022-01-28,10.300000190734863,1.4600000381469729,282.1166687011719,23.96999931335449,20.899999618530277,0.3444848302179918,-0.73662446263828,0.27078462778609586,-0.6637892921965962,-0.49241121812619326
178,2022-01-31,10.390000343322754,1.5299999713897705,312.239990234375,26.09000015258789,24.51000022888184,0.3849936142578935,-0.6016945832964347,0.780265210940914,-0.2701009793775494,-0.18066106884796806
179,2022-02-01,10.470000267028809,1.590000033378601,310.4166564941406,27.290000915527344,24.84000015258789,0.4210013269054076,-0.48604017121898985,0.7494268740650639,-0.04725848469531486,-0.15216314417112278
180,2022-02-02,10.329999923706056,1.600000023841858,301.8866577148437,27.5,23.76000022888184,0.35798761514936195,-0.46676447417015476,0.6051576324545098,-0.008261242935033419,-0.24542909445112687
181,2022-02-03,10.260000228881836,1.5299999713897705,297.0466613769531,26.82999992370605,23.1299991607666,0.32648097389423475,-0.6016945832964347,0.5232979957614687,-0.13268157086291185,-0.29983432819740036
182,2022-02-04,10.390000343322754,1.6299999952316284,307.7733459472656,28.700000762939453,23.959999084472656,0.3849936142578935,-0.40893738302364946,0.7047201375454291,0.21458125174720113,-0.22815771978511556
183,2022-02-07,10.369999885559082,1.5700000524520874,302.4466552734375,28.6299991607666,23.989999771118164,0.3759914714731182,-0.5245915653166601,0.6146289612521383,0.20158181696205957,-0.22556693946409076
184,2022-02-08,10.380000114440918,1.5800000429153442,307.3333435058594,29.0,24.690000534057617,0.3804925428655058,-0.5053158682678249,0.6972783054689062,0.27029169831856925,-0.1651167163490332
185,2022-02-09,10.68000030517578,1.590000033378601,310.6666564941406,30.1299991607666,26.100000381469727,0.5155216799165796,-0.48604017121898985,0.7536551642836015,0.4801347582156622,-0.04335284139218318
186,2022-02-10,11.199999809265137,1.600000023841858,301.51666259765625,29.3700008392334,25.350000381469727,0.7495718121254217,-0.46676447417015476,0.5988998455148685,0.33900157967507893,-0.10812086699534199
187,2022-02-11,11.25,1.5700000524520874,286.6666564941406,28.13999938964844,24.100000381469727,0.7720767398415663,-0.5245915653166601,0.34773930330399605,0.11058789865635575,-0.21606757633393997
188,2022-02-14,11.079999923706056,1.6299999952316284,291.9200134277344,28.479999542236328,23.790000915527344,0.6955602431541514,-0.40893738302364946,0.43659017425119967,0.17372659367637552,-0.24283831413010237
189,2022-02-15,11.489999771118164,1.6799999475479126,307.4766540527344,30.18000030517578,25.790000915527344,0.8800998777841085,-0.31255889777947393,0.6997021398031656,0.48942006877647765,-0.07012357918834558
190,2022-02-16,12.020000457763672,1.7400000095367432,307.7966613769531,29.790000915527344,25.61000061035156,1.1186515106311312,-0.1969044857020291,0.7051144751585836,0.4169964173940229,-0.0856679316872811
191,2022-02-17,11.90999984741211,1.7000000476837158,292.1166687011719,29.6299991607666,24.71999931335449,1.069140583806454,-0.2740072738973695,0.4399162365275981,0.38728377779779466,-0.16252610074161547
192,2022-02-18,12.220000267028809,1.7100000381469729,285.6600036621094,28.549999237060547,23.209999084472656,1.2086707922499162,-0.254731576848534,0.33071362201143256,0.186725674263136,-0.2929257453882744
193,2022-02-22,11.43000030517578,1.6699999570846558,273.84332275390625,27.690000534057617,21.770000457763672,0.853094307921369,-0.331834594828309,0.13085619681249352,0.02702222879930296,-0.4172802359525424
194,2022-02-23,11.06999969482422,1.600000023841858,254.67999267578125,27.600000381469727,20.459999084472656,0.6910591717617637,-0.46676447417015476,-0.19325628768327643,0.010309023988216313,-0.53040850593319
195,2022-02-24,10.90999984741211,1.5800000429153442,266.92333984375,27.36000061035156,21.21999931335449,0.6190437464667349,-0.5053158682678249,0.013817412606650616,-0.03425940410855504,-0.4647768868896899
196,2022-02-25,10.899999618530272,1.5800000429153442,269.9566650390625,27.88999938964844,20.940000534057617,0.6145426750743463,-0.5053158682678249,0.06512052961858408,0.06416240844742198,-0.48895684436482717
197,2022-02-28,11.0600004196167,1.5700000524520874,290.1433410644531,30.450000762939453,22.84000015258789,0.6865585296151689,-0.5245915653166601,0.4065410287503672,0.5395596832097376,-0.3248778791128796
198,2022-03-01,10.859999656677246,1.5399999618530271,288.1233215332031,30.420000076293945,21.8700008392334,0.5965388187505901,-0.5824188862476001,0.3723761134494104,0.5339884968732483,-0.4086444662627332
199,2022-03-02,11.0600004196167,1.6299999952316284,293.2966613769531,30.09000015258789,21.770000457763672,0.6865585296151689,-0.40893738302364946,0.4598736424834054,0.47270686396539097,-0.4172802359525424
200,2022-03-03,11.15999984741211,1.600000023841858,279.7633361816406,27.899999618530277,19.8799991607666,0.7315679558016647,-0.46676447417015476,0.23098233629289452,0.06601947055958506,-0.5804957724777552
201,2022-03-04,11.100000381469728,1.5700000524520874,279.42999267578125,27.229999542236328,18.6299991607666,0.7045623859389267,-0.5245915653166601,0.22534444395194167,-0.05840085736829336,-0.6884424818163531
202,2022-03-07,11.039999961853027,1.5499999523162842,268.1933288574219,25.700000762939453,18.1200008392334,0.6775563868303935,-0.5631431891987645,0.03529694110328641,-0.34252463076000417,-0.7324845942785272
203,2022-03-08,11.050000190734863,1.590000033378601,274.79998779296875,24.239999771118164,17.979999542236328,0.6820574582227813,-0.48604017121898985,0.1470364265208328,-0.6136496777633356,-0.7445747377297027
204,2022-03-09,11.100000381469728,1.5499999523162842,286.3233337402344,27.6299991607666,20.170000076293945,0.7045623859389267,-0.5631431891987645,0.34193263033542337,0.015879856126324456,-0.5554520568486692
205,2022-03-10,10.979999542236328,1.6399999856948853,279.4333190917969,25.989999771118164,17.770000457763672,0.6505503877218612,-0.3896616859748144,0.2254007041611483,-0.28867124630079916,-0.762709705836056
206,2022-03-11,10.890000343322754,1.600000023841858,265.1166687011719,22.170000076293945,16.06999969482422,0.6100420329277532,-0.46676447417015476,-0.016739107074458012,-0.9980526800215662,-0.909517296421992
207,2022-03-14,10.579999923706056,1.4500000476837158,255.4566650390625,17.600000381469727,14.100000381469728,0.47051182448429174,-0.7559001596871155,-0.1801203030565942,-1.8467105843691347,-1.0796412510427238
208,2022-03-15,10.6899995803833,1.5199999809265137,267.2966613769531,19.75,14.93000030517578,0.5200223220631743,-0.6209702803452698,0.020131459755499483,-1.4474514394119804,-1.0079646426304394
209,2022-03-16,10.8100004196167,1.5199999809265137,280.07666015625,26.049999237060547,18.75,0.5740343202802392,-0.6209702803452698,0.23628163508119104,-0.27752922782620176,-0.6780795252458608
210,2022-03-17,10.920000076293944,1.5499999523162842,290.5333251953125,25.100000381469727,18.81999969482422,0.6235448178591217,-0.5631431891987645,0.41313689309395746,-0.4539458781011214,-0.6720345358770764
211,2022-03-18,11.18000030517578,1.600000023841858,301.7966613769531,28.190000534057617,20.86000061035156,0.7405700985864392,-0.46676447417015476,0.6036355099136823,0.11987320921717051,-0.4958654271739535
212,2022-03-21,11.220000267028809,1.5299999713897705,307.0533447265625,26.32999992370605,20.26000022888184,0.7585739549101971,-0.6016945832964347,0.6925426410700926,-0.2255325512807794,-0.5476798805992013
213,2022-03-22,11.329999923706056,1.559999942779541,331.32666015625,27.32999992370605,21.770000457763672,0.8080844524890812,-0.5438674921499294,1.10308112988139,-0.03983059044504429,-0.4172802359525424
214,2022-03-23,11.520000457763672,1.6100000143051147,333.03668212890625,27.280000686645508,21.8700008392334,0.8936030919612715,-0.4474887771213197,1.1320030066032571,-0.04911554680747794,-0.4086444662627332
215,2022-03-24,11.5600004196167,1.649999976158142,337.97332763671875,27.86000061035156,21.979999542236328,0.9116069482850285,-0.37038598892597924,1.2154972862555409,0.05859157630931251,-0.39914526784618914
216,2022-03-25,11.520000457763672,1.659999966621399,336.8800048828125,26.399999618530277,19.90999984741211,0.8936030919612715,-0.35111029187714415,1.1970057426313556,-0.2125334706940176,-0.5779049921567304
217,2022-03-28,11.399999618530272,1.659999966621399,363.9466552734375,26.479999542236328,21.209999084472656,0.839591093744206,-0.35111029187714415,1.6547883550123772,-0.1976773279950947,-0.46564048033003114
218,2022-03-29,11.5600004196167,1.6799999475479126,366.5233459472656,26.600000381469727,21.8799991607666,0.9116069482850285,-0.31255889777947393,1.6983683389017548,-0.17539293684751878,-0.40778103753599837
219,2022-03-30,11.380000114440918,1.75,364.663330078125,27.1299991607666,22.170000076293945,0.8305893802052251,-0.177628788653194,1.666909591278507,-0.0769711242915431,-0.3827373219069124
220,2022-03-31,11.369999885559082,1.7200000286102295,359.20001220703125,25.809999465942383,21.049999237060547,0.8260883088128375,-0.2354558797996993,1.5745076172180785,-0.32209765592297246,-0.47945764594828316
221,2022-04-01,11.460000038146973,1.7599999904632568,361.5299987792969,27.239999771118164,21.93000030517578,0.8665970928527392,-0.1583530916043589,1.613915054949417,-0.05654379525613028,-0.40346307033429035
222,2022-04-04,12.81999969482422,1.830000042915344,381.8166809082031,28.65999984741211,23.850000381469727,1.4787286371062724,-0.02342298247807939,1.9570269733983567,0.2071530032985488,-0.23765691820165957
223,2022-04-05,12.220000267028809,1.830000042915344,363.7533264160156,27.799999237060547,22.46999931335449,1.2086707922499162,-0.02342298247807939,1.6515185529451855,0.04744920363633467,-0.35683017755109186
224,2022-04-06,11.739999771118164,1.870000004768372,348.586669921875,27.520000457763672,21.68000030517578,0.9926240871190384,0.0536798057172623,1.3950024517368098,-0.00454711871070725,-0.42505241220200995
225,2022-04-07,11.90999984741211,1.909999966621399,352.4200134277344,26.38999938964844,20.36000061035156,1.069140583806454,0.13078259391260186,1.4598364071372885,-0.21439053280618067,-0.5390441109093926
226,2022-04-08,12.210000038146973,1.919999957084656,341.8299865722656,25.86000061035156,20.0,1.2041697208575286,0.15005829096143738,1.280725579269174,-0.3128123453621577,-0.5701328159072627
227,2022-04-11,12.06999969482422,1.6799999475479126,325.3099975585937,25.25,19.700000762939453,1.141156009101483,-0.31255889777947393,1.0013203474417465,-0.4260906548154374,-0.5960399602630836
228,2022-04-12,11.90999984741211,1.6799999475479126,328.9833374023437,24.93000030517578,19.459999084472656,1.069140583806454,-0.31255889777947393,1.063448135164516,-0.48551522561113164,-0.6167658734040684
229,2022-04-13,11.960000038146973,1.7599999904632568,340.7900085449219,26.030000686645508,20.420000076293945,1.091645511522599,-0.1583530916043589,1.263136263587128,-0.2812429978521468,-0.5338627149809496
230,2022-04-14,11.890000343322754,1.7300000190734863,328.3333435058594,25.709999084472656,19.649999618530277,1.0601388702674723,-0.2161801827508642,1.052454683826061,-0.34066792284622216,-0.6003579274647912
231,2022-04-18,11.850000381469728,1.75,334.7633361816406,25.65999984741211,19.170000076293945,1.0421350139437162,-0.177628788653194,1.161206184371157,-0.3499528792086565,-0.6418094243195476
232,2022-04-19,12.079999923706056,1.7799999713897705,342.7166748046875,25.34000015258789,19.8700008392334,1.1456570804938706,-0.11980169750668869,1.2957222799893413,-0.4093774500043508,-0.58135920120449
233,2022-04-20,11.770000457763672,1.809999942779541,325.7333374023437,23.489999771118164,18.149999618530277,1.0061273012962013,-0.061974606360183385,1.008480362323528,-0.7529261483901369,-0.7298939786711088
234,2022-04-21,11.4399995803833,1.7699999809265137,336.260009765625,22.46999931335449,17.149999618530273,0.8575949500679638,-0.1390773945555238,1.1865196654731758,-0.9423422334501989,-0.8162513461419876
235,2022-04-22,11.31999969482422,1.7000000476837158,335.01666259765625,22.32999992370605,17.18000030517578,0.8035833810966936,-0.2740072738973695,1.1654907347989012,-0.9683403946237198,-0.8136605658209628
236,2022-04-25,11.130000114440918,1.5800000429153442,332.67333984375,22.309999465942383,17.309999465942383,0.7180651708702953,-0.5053158682678249,1.125857740082028,-0.9720545188480453,-0.8024341805237356
237,2022-04-26,10.84000015258789,1.600000023841858,292.1400146484375,21.149999618530277,16.360000610351562,0.5875371052116085,-0.46676447417015476,0.440311090289461,-1.187468765081627,-0.884473580792906
238,2022-04-27,10.859999656677246,1.5800000429153442,293.836669921875,22.18000030517578,16.760000228881836,0.5965388187505901,-0.5053158682678249,0.46900689387708483,-0.9961956179094031,-0.849930666747276
239,2022-04-28,10.829999923706056,1.6200000047683716,292.5033264160156,22.1200008392334,16.93000030517578,0.5830360338192215,-0.42821308007248454,0.44645584066198174,-1.0073376363840005,-0.8352499076886823
240,2022-04-29,10.6899995803833,1.6299999952316284,290.2533264160156,22.43000030517578,16.700000762939453,0.5200223220631743,-0.40893738302364946,0.4084012286951437,-0.9497701277004694,-0.8551120626757188
241,2022-05-02,10.81999969482422,1.600000023841858,300.9800109863281,23.32999992370605,17.5,0.5785349624268339,-0.46676447417015476,0.589823370479104,-0.7826384337879847,-0.7860262345844587
242,2022-05-03,10.75,1.5800000429153442,303.0833435058594,22.93000030517578,17.530000686645508,0.5470283211717067,-0.5053158682678249,0.6253973717537679,-0.8569191472826019,-0.783435454263434
243,2022-05-04,10.899999618530272,1.600000023841858,317.5400085449219,23.59000015258789,18.1299991607666,0.6145426750743463,-0.46676447417015476,0.8699052732631352,-0.7343558814668871,-0.7316211655517924
244,2022-05-05,10.720000267028809,1.6299999952316284,291.09332275390625,21.670000076293945,15.380000114440918,0.5335255362403374,-0.40893738302364946,0.4226082218915849,-1.0909036604394338,-0.9691038437399045
245,2022-05-06,10.720000267028809,1.6299999952316284,288.54998779296875,20.920000076293945,14.920000076293944,0.5335255362403374,-0.40893738302364946,0.3795923885403984,-1.230180131066235,-1.008828236070781
246,2022-05-09,10.289999961853027,1.5299999713897705,262.3699951171875,18.899999618530277,13.550000190734863,0.3399837588256041,-0.6016945832964347,-0.06319403926916452,-1.605298176962031,-1.1271378196230677
247,2022-05-10,10.270000457763672,1.4700000286102295,266.67999267578125,19.670000076293945,13.4399995803833,0.33098204528662245,-0.7173487655894453,0.00970164280652629,-1.462307582110904,-1.1366371827532185
248,2022-05-11,10.149999618530272,1.4500000476837158,244.6666717529297,20.1299991607666,12.710000038146973,0.2769700470695569,-0.7559001596871155,-0.3626131953359593,-1.3768848501416888,-1.1996780214756941
249,2022-05-12,10.270000457763672,1.4500000476837158,242.6666717529297,20.1200008392334,13.100000381469728,0.33098204528662245,-0.7559001596871155,-0.3964395170842598,-1.3787415580554707,-1.1659986185136022
250,2022-05-13,10.479999542236328,1.4500000476837158,256.5299987792969,21.81999969482422,14.3100004196167,0.42550196905200155,-0.7559001596871155,-0.16196683683635685,-1.0630484371537499,-1.0615062005795675
251,2022-05-16,10.3100004196167,1.3899999856948853,241.4566650390625,22.020000457763672,14.550000190734863,0.34898590161037946,-0.8715545717645603,-0.4169045552946974,-1.0259079033072502,-1.0407804521521893
252,2022-05-17,10.300000190734863,1.4500000476837158,253.8699951171875,23.739999771118164,16.6299991607666,0.3444848302179918,-0.7559001596871155,-0.20695590669944144,-0.7065006581812031,-0.86115721675811
253,2022-05-18,10.210000038146973,1.340000033378601,236.60333251953125,23.40999984741211,15.829999923706056,0.3039760461780901,-0.9679330570087359,-0.49898974897327425,-0.7677822910890605,-0.9302430448493698
254,2022-05-19,10.220000267028809,1.5,236.47332763671875,23.989999771118164,16.65999984741211,0.30847711757047774,-0.65952167444294,-0.5011885424707071,-0.6600751679722694,-0.8585664364370852
255,2022-05-20,10.130000114440918,1.4700000286102295,221.3000030517578,24.0,16.440000534057617,0.26796833353057603,-0.7173487655894453,-0.7578174221718502,-0.6582181058601063,-0.87756499798378
256,2022-05-23,10.130000114440918,1.600000023841858,224.96665954589844,23.46999931335449,16.0,0.26796833353057603,-0.46676447417015476,-0.6958026710162021,-0.7566402726144638,-0.9155622857907764
257,2022-05-24,10.18000030517578,1.5,209.3866729736328,21.76000022888184,14.630000114440918,0.2904732612467199,-0.65952167444294,-0.959309490330031,-1.0741904556283466,-1.0338718693430633
258,2022-05-25,10.239999771118164,1.5099999904632568,219.6000061035156,22.399999618530277,14.640000343322754,0.3174788311094594,-0.6402459773941049,-0.7865697440430351,-0.955341314036958,-1.0330082759027217
259,2022-05-26,10.229999542236328,1.4800000190734863,235.91000366210935,24.18000030517578,16.030000686645508,0.31297775971707176,-0.6980730685406102,-0.5107161314775417,-0.624791696237933,-0.9129715054697516
260,2022-05-27,10.329999923706056,1.4600000381469729,253.2100067138672,24.280000686645508,16.56999969482422,0.35798761514936195,-0.73662446263828,-0.21811839673987143,-0.6062214293146833,-0.8663386126865528
261,2022-05-31,10.289999961853027,1.4299999475479126,252.7533264160156,25.06999969482422,17.389999389648438,0.3399837588256041,-0.79445178356922,-0.22584230408549025,-0.4595170644376107,-0.7955255977146095
262,2022-06-01,10.210000038146973,1.399999976158142,246.7899932861328,25.459999084472656,17.56999969482422,0.3039760461780901,-0.8522788747157253,-0.3267011166573475,-0.38709341305515593,-0.7799812452156744
263,2022-06-02,10.140000343322754,1.4299999475479126,258.3333435058594,26.40999984741211,18.850000381469727,0.2724694049229637,-0.79445178356922,-0.13146657736445483,-0.21067640858185516,-0.6694437555560516
264,2022-06-03,10.050000190734863,1.4800000190734863,234.51666259765625,26.209999084472656,18.07999992370605,0.23196062088306196,-0.6980730685406102,-0.5342819330531966,-0.24781694242835464,-0.7359389680398939
265,2022-06-06,10.029999732971191,1.600000023841858,238.27999877929688,29.06999969482422,19.18000030517578,0.22295847809828662,-0.46676447417015476,-0.4706320227895985,0.2832907789053297,-0.640945830879206
266,2022-06-07,10.039999961853027,1.6200000047683716,238.8866729736328,29.71999931335449,19.649999618530277,0.2274595494906743,-0.42821308007248454,-0.4603712445425993,0.4039969826088807,-0.6003579274647912
267,2022-06-08,10.029999732971191,1.5700000524520874,241.86666870117188,29.959999084472656,20.3799991607666,0.22295847809828662,-0.5245915653166601,-0.4099700973984508,0.448565410705652,-0.537317088742316
268,2022-06-09,10.010000228881836,1.590000033378601,239.7066650390625,29.489999771118164,18.81999969482422,0.21395676455930496,-0.48604017121898985,-0.44650258682446026,0.3612856166242737,-0.6720345358770764
269,2022-06-10,9.989999771118164,1.6200000047683716,232.22999572753903,29.93000030517578,18.13999938964844,0.2049546217745296,-0.42821308007248454,-0.5729566976930787,0.4429945785675439,-0.7307575721114504
270,2022-06-13,9.9399995803833,1.4600000381469729,215.73666381835935,29.049999237060547,15.989999771118164,0.1824496940583849,-0.73662446263828,-0.85191107362379,0.27957665468100357,-0.916425879231118
271,2022-06-14,9.93000030517578,1.5099999904632568,220.88999938964844,32.220001220703125,18.65999984741211,0.1779490519117901,-0.6402459773941049,-0.7647518800680968,0.8682522388966002,-0.6858517014953284
272,2022-06-15,9.899999618530272,1.4800000190734863,233.0,32.4900016784668,20.11000061035156,0.1644458377346271,-0.6980730685406102,-0.5599334915591634,0.9183918533298601,-0.5606334527771123
273,2022-06-16,8.90999984741211,1.440000057220459,213.1000061035156,31.799999237060547,19.18000030517578,-0.28114992821270374,-0.7751758567359506,-0.8965052897250116,0.7902570469792751,-0.640945830879206
274,2022-06-17,10.09000015258789,1.4800000190734863,216.75999450683597,33.150001525878906,20.770000457763672,0.249964477206819,-0.6980730685406102,-0.8346033170621301,1.0409551191455748,-0.5036376034234208
275,2022-06-21,9.6899995803833,1.4900000095367432,237.0366668701172,35.75,22.65999984741211,0.06992548472345508,-0.6787973714917751,-0.4916606953895189,1.523779933959781,-0.3404222316118148
276,2022-06-22,10.84000015258789,1.5,236.086669921875,36.79999923706055,22.549999237060547,0.5875371052116085,-0.65952167444294,-0.5077281466050908,1.7187668511579506,-0.34992159474196555
277,2022-06-23,11.229999542236328,1.4900000095367432,235.07000732421875,39.2400016784668,23.049999237060547,0.763074597056791,-0.6787973714917751,-0.5249231246739824,2.171880088971072,-0.30674291100652634
278,2022-06-24,13.0,1.5,245.7066650390625,40.790000915527344,24.07999992370605,1.559746205186075,-0.65952167444294,-0.3450236215795589,2.459717986587109,-0.2177947632146235
279,2022-06-27,11.109999656677246,1.5099999904632568,244.9199981689453,39.130001068115234,22.950000762939453,0.7090630280855199,-0.6402459773941049,-0.35832864490821514,2.151452759935659,-0.31537851598272876
280,2022-06-28,10.770000457763672,1.5199999809265137,232.663330078125,37.06999969482422,22.36000061035156,0.556030463956482,-0.6209702803452698,-0.5656276441093228,1.7689064655912106,-0.3663293759676359
281,2022-06-29,9.770000457763672,1.4900000095367432,228.4900054931641,38.08000183105469,21.86000061035156,0.1059336266167628,-0.6787973714917751,-0.6362117541948129,1.95646584273749,-0.4095080597030751
282,2022-06-30,8.8100004196167,1.4700000286102295,224.47332763671875,38.310001373291016,21.71999931335449,-0.32615935439919946,-0.7173487655894453,-0.7041464729605098,1.9991772087220974,-0.4215982031542507
283,2022-07-01,9.529999732971191,1.5399999618530271,227.26333618164065,37.70000076293945,21.36000061035156,-0.002089940571573012,-0.5824188862476001,-0.6569586095999919,1.885898899268817,-0.4526867434385143
284,2022-07-05,9.5600004196167,1.590000033378601,233.0666656494141,40.0,22.18000030517578,0.011413273605590007,-0.48604017121898985,-0.5588059647058431,2.3130132675116553,-0.38187372846657075
285,2022-07-06,9.4399995803833,1.6100000143051147,231.73333740234372,38.59999847412109,20.82999992370605,-0.042598724611474736,-0.4474887771213197,-0.581356759846593,2.05303023898292,-0.49845620749497827
286,2022-07-07,9.600000381469728,1.600000023841858,244.5433349609375,39.27999877929688,22.5,0.02941712992934783,-0.46676447417015476,-0.3646992103406248,2.1793076290229636,-0.35423939723006675
287,2022-07-08,10.09000015258789,1.5499999523162842,250.76333618164065,38.900001525878906,22.600000381469727,0.249964477206819,-0.5631431891987645,-0.25949932905746154,2.1087413939510515,-0.3456036275402576
288,2022-07-11,9.949999809265137,1.5800000429153442,234.3433380126953,37.33000183105469,20.56999969482422,0.18695076545077258,-0.5053158682678249,-0.5372133996420863,1.8171893721106884,-0.5209091428030391
289,2022-07-12,9.970000267028809,1.5499999523162842,233.07000732421875,36.9900016784668,20.8700008392334,0.19595290823554792,-0.5631431891987645,-0.5587494464222829,1.754050677090668,-0.49500183373361156
290,2022-07-13,10.119999885559082,1.590000033378601,237.0399932861328,38.02999877929688,21.09000015258789,0.26346726213818833,-0.48604017121898985,-0.49160443518031227,1.9471801779782947,-0.4760032721869168
291,2022-07-14,10.199999809265137,1.600000023841858,238.31333923339844,38.18000030517578,21.049999237060547,0.2994749747857024,-0.46676447417015476,-0.47006813032576156,1.9750357554623585,-0.47945764594828316
292,2022-07-15,10.100000381469728,1.6200000047683716,240.0666656494141,38.45000076293945,20.71999931335449,0.25446554859920745,-0.42821308007248454,-0.44041383858679156,2.0251753698956185,-0.5079555706251291
293,2022-07-18,9.65999984741211,1.6299999952316284,240.54666137695312,39.15999984741211,20.84000015258789,0.05642269979208574,-0.40893738302364946,-0.43229559362801906,2.1570235920737675,-0.4975926140546364
294,2022-07-19,9.520000457763672,1.7000000476837158,245.52999877929688,37.310001373291016,20.200000762939453,-0.006590582718167018,-0.2740072738973695,-0.34801160645200935,1.8134752478863623,-0.5528612765276444
295,2022-07-20,9.449999809265137,1.7400000095367432,247.5,35.880001068115234,20.3700008392334,-0.03809765321908706,-0.1969044857020291,-0.31469265888398507,1.54792138721952,-0.5381805174690508
296,2022-07-21,9.5600004196167,1.7300000190734863,271.7066650390625,36.58000183105469,20.68000030517578,0.011413273605590007,-0.2161801827508642,0.09471856114834698,1.6779129014838872,-0.5114097796728884
297,2022-07-22,8.90999984741211,1.7300000190734863,272.24334716796875,34.36000061035156,19.239999771118164,-0.28114992821270374,-0.2161801827508642,0.10379555233281981,1.2656543217415914,-0.6357644349507632
298,2022-07-25,8.949999809265137,1.6799999475479126,268.4333190917969,34.599998474121094,19.32999992370605,-0.2631460718889467,-0.31255889777947393,0.0393559345454958,1.310222395639981,-0.6279922587012958
299,2022-07-26,8.859999656677246,1.7599999904632568,258.8599853515625,33.54999923706055,19.040000915527344,-0.30365485592884844,-0.1583530916043589,-0.12255939910501848,1.1152354784418115,-0.6530358096167748
300,2022-07-27,8.989999771118164,1.7300000190734863,274.82000732421875,33.68000030517578,19.3799991607666,-0.24514221556518967,-0.2161801827508642,0.14737502007348913,1.1393769317015505,-0.6236744562131944
301,2022-07-28,8.789999961853027,1.7100000381469729,280.8999938964844,32.93000030517578,19.489999771118164,-0.3351614971839748,-0.254731576848534,0.25020681108289083,1.0001004610747493,-0.6141750930830435
302,2022-07-29,8.890000343322754,1.7100000381469729,297.1499938964844,32.84000015258789,19.729999542236328,-0.2901516417516854,-0.254731576848534,0.5250456752878321,0.9833872562636625,-0.5934493446556656
303,2022-08-01,8.899999618530273,1.649999976158142,297.27667236328125,34.099998474121094,20.18000030517578,-0.2856509996050914,-0.37038598892597924,0.5271882085760583,1.2173714152221133,-0.5545884634083276
304,2022-08-02,8.930000305175781,1.6399999856948853,300.586669921875,34.119998931884766,20.18000030517578,-0.2721477854279284,-0.3896616859748144,0.5831707297775989,1.2210855394464395,-0.5545884634083276
305,2022-08-03,8.970000267028809,1.75,307.39666748046875,33.97999954223633,20.299999237060547,-0.25414392910417133,-0.177628788653194,0.6983493140386652,1.1950873782729186,-0.544225671551442
306,2022-08-04,9.25,1.690000057220459,308.6333312988281,34.31999969482422,20.899999618530277,-0.12811693483787218,-0.29328297094620465,0.7192652081458183,1.258226073292939,-0.49241121812619326
307,2022-08-05,9.380000114440918,1.7000000476837158,288.1700134277344,33.630001068115234,20.21999931335449,-0.06960429447421344,-0.2740072738973695,0.37316582097313633,1.130091975339116,-0.5511342543605683
308,2022-08-08,9.829999923706056,1.7799999713897705,290.42333984375,33.20000076293945,20.170000076293945,0.1329391964795023,-0.11980169750668869,0.4112766931491809,1.050240075508009,-0.5554520568486692
309,2022-08-09,9.31999969482422,1.7100000381469729,283.3333435058594,30.8700008392334,19.170000076293945,-0.096610293582745,-0.254731576848534,0.2913624444893008,0.6175545209286816,-0.6418094243195476
310,2022-08-10,9.579999923706056,1.7699999809265137,294.3566589355469,31.520000457763672,20.049999237060547,0.020414987144572485,-0.1390773945555238,0.47780155171810795,0.7382607246322331,-0.5658150134191615
311,2022-08-11,9.9399995803833,1.7599999904632568,286.6300048828125,32.709999084472656,20.81999969482422,0.1824496940583849,-0.1583530916043589,0.34711940870530666,0.9592458030039235,-0.4993198009353196
312,2022-08-12,9.75,1.7899999618530271,300.0299987792969,32.4900016784668,21.11000061035156,0.09693148383198745,-0.10052600045785402,0.573755661189178,0.9183918533298601,-0.4742760853062339
313,2022-08-15,9.899999618530272,1.7699999809265137,309.32000732421875,32.560001373291016,21.299999237060547,0.1644458377346271,-0.1390773945555238,0.730879070231672,0.9313909339166206,-0.45786830408056356
314,2022-08-16,9.75,1.7799999713897705,306.5633239746094,31.09000015258789,20.90999984741211,0.09693148383198745,-0.11980169750668869,0.6842548412606373,0.6584088248011261,-0.49154762468585195
315,2022-08-17,9.510000228881836,1.7100000381469729,303.9966735839844,30.90999984741211,20.07999992370605,-0.011091654110554692,-0.254731576848534,0.6408446702962961,0.6249824151789528,-0.5632242330981371
316,2022-08-18,9.199999809265137,1.690000057220459,302.8699951171875,30.84000015258789,19.90999984741211,-0.15062186255401688,-0.29328297094620465,0.6217889761339197,0.6119833345921923,-0.5779049921567304
317,2022-08-19,9.0,1.659999966621399,296.6666564941406,29.940000534057617,19.049999237060547,-0.240641144172802,-0.35111029187714415,0.5168709120454983,0.44485164067970695,-0.6521723808900399
318,2022-08-22,8.59000015258789,1.600000023841858,289.913330078125,30.850000381469727,18.950000762939453,-0.42518077880275995,-0.46676447417015476,0.4026508159357777,0.6138403967043554,-0.6608079858662423
319,2022-08-23,8.350000381469727,1.5800000429153442,296.4533386230469,29.36000061035156,18.290000915527344,-0.5332039167453021,-0.5053158682678249,0.5132630325743585,0.3371445175629152,-0.7178038352199336
320,2022-08-24,8.350000381469727,1.600000023841858,297.0966796875,29.700000762939453,18.8700008392334,-0.5332039167453021,-0.46676447417015476,0.5241439634944012,0.40028321258293625,-0.6677165686753683
321,2022-08-25,8.609999656677246,1.600000023841858,296.07000732421875,31.06999969482422,20.07999992370605,-0.41617906526377824,-0.46676447417015476,0.5067796886491814,0.6546947005767999,-0.5632242330981371
322,2022-08-26,8.380000114440918,1.6299999952316284,288.0899963378906,30.299999237060547,19.920000076293945,-0.5197011318139327,-0.40893738302364946,0.37181247905992765,0.5117041057256724,-0.5770413987163888
323,2022-08-29,8.020000457763672,1.5499999523162842,284.82000732421875,29.11000061035156,19.809999465942383,-0.6817358387277459,-0.5631431891987645,0.3165066288149914,0.29071902735398136,-0.5865407618465396
324,2022-08-30,7.670000076293945,1.5700000524520874,277.70001220703125,28.799999237060547,19.82999992370605,-0.8392699034949651,-0.5245915653166601,0.1960850059748351,0.23315116447206977,-0.5848135749658567
325,2022-08-31,7.820000171661377,1.5700000524520874,275.6099853515625,28.770000457763672,19.90999984741211,-0.7717553349694279,-0.5245915653166601,0.16073604553699783,0.22758033233396163,-0.5779049921567304
326,2022-09-01,6.889999866485596,1.5199999809265137,277.1600036621094,27.899999618530277,18.790000915527344,-1.1903455310540207,-0.6209702803452698,0.18695175458115565,0.06601947055958506,-0.6746251514844944
327,2022-09-02,6.789999961853027,1.4800000190734863,270.2099914550781,26.57999992370605,17.729999542236328,-1.2353551718634133,-0.6980730685406102,0.06940508004632825,-0.17910706107184562,-0.7661640795974224
328,2022-09-06,6.550000190734863,1.4600000381469729,274.4200134277344,26.440000534057617,17.110000610351562,-1.3433783098059555,-0.73662446263828,0.1406098589535707,-0.20510522224536593,-0.8197055551897472
329,2022-09-07,6.820000171661377,1.4700000286102295,283.70001220703125,26.65999984741211,17.479999542236328,-1.221852172309147,-0.7173487655894453,0.2975639712197365,-0.16425091837292138,-0.7877534214651419
330,2022-09-08,6.71999979019165,1.4800000190734863,289.260009765625,26.030000686645508,17.68000030517578,-1.2668620277414366,-0.6980730685406102,0.3916011043881151,-0.2812429978521468,-0.7704818820855236
331,2022-09-09,7.179999828338623,1.4600000381469729,299.67999267578125,26.32999992370605,19.15999984741211,-1.059817465395334,-0.73662446263828,0.5678359516534838,-0.2255325512807794,-0.6426730177598892
332,2022-09-12,7.570000171661377,1.4700000286102295,304.4200134277344,26.059999465942383,21.75,-0.8842795443043577,-0.7173487655894453,0.6480046851780775,-0.2756721657140387,-0.41900742283322556
333,2022-09-13,7.610000133514404,1.2799999713897705,292.1300048828125,26.799999237060547,21.96999931335449,-0.8662756879806007,-1.0835874690861806,0.4401417935131329,-0.13825275719940044,-0.40000886128653107
334,2022-09-14,7.869999885559082,1.4199999570846558,302.6099853515625,26.670000076293945,21.940000534057617,-0.7492506218761801,-0.813727480618055,0.6173913891390539,-0.1623938562607583,-0.40259947689394876
335,2022-09-15,7.989999771118164,1.4299999475479126,303.75,25.809999465942383,21.51000022888184,-0.695239052904909,-0.79445178356922,0.6366726402869652,-0.32209765592297246,-0.4397331712606033
336,2022-09-16,7.599999904632568,1.340000033378601,303.3500061035156,24.09000015258789,20.149999618530277,-0.8707767593729884,-0.9679330570087359,0.6299074791670468,-0.6415049010490196,-0.557179243729352
337,2022-09-19,7.070000171661377,1.399999976158142,309.07000732421875,25.229999542236328,20.899999618530277,-1.1093279629742174,-0.8522788747157253,0.7266507800131344,-0.42980477903976355,-0.49241121812619326
338,2022-09-20,6.880000114440918,1.3799999952316284,308.7300109863281,25.34000015258789,20.40999984741211,-1.1948463878235116,-0.8908302688133954,0.7209003672537683,-0.4093774500043508,-0.5347263084212912
339,2022-09-21,6.769999980926514,1.3200000524520874,300.79998779296875,23.100000381469727,18.299999237060547,-1.244357100025292,-1.0064844511064062,0.5867786092487387,-0.8253497997725916,-0.7169404064931988
340,2022-09-22,6.269999980926514,1.309999942779541,288.5899963378906,24.229999542236328,18.350000381469727,-1.4694055186951516,-1.0257603779396753,0.38026905949700274,-0.6155067398754986,-0.7126224392914908
341,2022-09-23,6.0,1.2899999618530271,275.3299865722656,25.0,17.639999389648438,-1.5909316561919598,-1.064311772037346,0.1560003811381841,-0.47251614502437117,-0.77393625584689
342,2022-09-26,5.690000057220459,1.2599999904632568,276.010009765625,26.38999938964844,17.6200008392334,-1.7304616500125252,-1.122138863183851,0.16750172280562456,-0.21439053280618067,-0.7756632780139664
343,2022-09-27,5.550000190734863,1.3200000524520874,282.94000244140625,25.71999931335449,17.190000534057617,-1.7934751471456747,-1.0064844511064062,0.28470980378779565,-0.33881086073405975,-0.8127969723806212
344,2022-09-28,5.5,1.2999999523162842,287.8099975585937,24.899999618530277,17.329999923706055,-1.8159800748618196,-1.0450360749885106,0.36707681466111297,-0.49108641194762026,-0.8007069936430524
345,2022-09-29,5.119999885559082,1.340000033378601,268.2099914550781,23.3700008392334,15.579999923706056,-1.9870169245604081,-0.9679330570087359,0.035578758298027806,-0.7752101853393317,-0.9518323867170894
346,2022-09-30,5.059999942779541,1.3300000429153442,265.25,23.01000022888184,15.770000457763672,-2.0140227090460434,-0.987208754057571,-0.014484053367818538,-0.8420630045836777,-0.9354244407778127
347,2022-10-03,5.159999847412109,1.4299999475479126,242.3999938964844,23.459999084472656,15.489999771118164,-1.9690130682366511,-0.79445178356922,-0.4009498825718924,-0.7584973347266262,-0.9596045629665572
348,2022-10-04,5.989999771118164,1.3899999856948853,249.44000244140625,24.600000381469727,16.729999542236328,-1.5954327275843476,-0.8715545717645603,-0.28188108549623697,-0.546796858518989,-0.8525214470683008
349,2022-10-05,5.820000171661377,1.409999966621399,240.80999755859372,23.899999618530277,16.040000915527344,-1.6719490096488665,-0.8330031776668901,-0.42784174642394723,-0.6767883727833554,-0.91210791202941
350,2022-10-06,5.630000114440918,1.3799999952316284,238.1300048828125,20.950000762939453,14.770000457763672,-1.7574674344981607,-0.8908302688133954,-0.47316889369097936,-1.224608944729746,-1.0217818082486911
351,2022-10-07,5.230000019073486,1.350000023841858,223.07000732421875,19.56999969482422,13.760000228881836,-1.9375062123586277,-0.9486573599599007,-0.7278810551637851,-1.4808778490341536,-1.1090027691599111
352,2022-10-10,5.230000019073486,1.309999942779541,222.9600067138672,19.0,13.279999732971191,-1.9375062123586277,-1.0257603779396753,-0.7297415131829158,-1.5867279100387819,-1.1504543483714706
353,2022-10-11,5.46999979019165,1.2699999809265137,216.5,19.68000030517578,12.829999923706056,-1.8294830744160857,-1.102863166135016,-0.8390006459826421,-1.460450519998741,-1.189315147262005
354,2022-10-12,5.130000114440918,1.2899999618530271,217.2400054931641,20.38999938964844,12.880000114440918,-1.9825158531680205,-1.064311772037346,-0.826484814029003,-1.3286022978205914,-1.1849972624171006
355,2022-10-13,5.070000171661377,1.309999942779541,221.72000122070312,20.040000915527344,12.779999732971191,-2.009521637653656,-1.0257603779396753,-0.7507139255736296,-1.3935977007543943,-1.1936330321069097
356,2022-10-14,4.78000020980835,1.2699999809265137,204.9900054931641,18.71999931335449,11.75,-2.140049703312343,-1.102863166135016,-1.0336710347373432,-1.6387245865842055,-1.2825810975420096
357,2022-10-17,4.75,1.3300000429153442,219.3500061035156,18.950000762939453,12.210000038146973,-2.153552702866609,-0.987208754057571,-0.7907980342615728,-1.596012866401216,-1.2428567052111335
358,2022-10-18,4.849999904632568,1.3700000047683716,220.19000244140625,18.920000076293945,12.210000038146973,-2.1085430620572163,-0.9101059658622306,-0.7765910410651311,-1.6015840527377054,-1.2428567052111335
359,2022-10-19,4.46999979019165,1.2999999523162842,222.0399932861328,16.799999237060547,10.920000076293944,-2.279579911755805,-1.0450360749885106,-0.7453018482925656,-1.9952723655567515,-1.3542577059542946
360,2022-10-20,4.340000152587891,1.3200000524520874,207.27999877929688,17.299999237060547,10.970000267028809,-2.3380923374965668,-1.0064844511064062,-0.9949400098882555,-1.9024213851388838,-1.3499398211093898
361,2022-10-21,4.489999771118164,1.2799999713897705,214.44000244140625,17.770000457763672,11.210000038146973,-2.2705779835939266,-1.0835874690861806,-0.8738417160914949,-1.8151412368591244,-1.3292140726820119
362,2022-10-24,4.170000076293945,1.3600000143051147,211.25,14.68000030517578,9.449999809265137,-2.4146088341839826,-0.9293816629110656,-0.9277947405719308,-2.388960324177417,-1.4812030591963905
363,2022-10-25,4.579999923706055,1.350000023841858,222.4199981689453,15.899999618530272,10.630000114440918,-2.2300691995540247,-0.9486573599599007,-0.7388747645765953,-2.162404059469237,-1.379301339226577
364,2022-10-26,4.559999942779541,1.3200000524520874,224.63999938964844,16.270000457763672,10.8100004196167,-2.239071127715903,-1.0064844511064062,-0.7013275267900334,-2.093694178112727,-1.3637569867276418
365,2022-10-27,4.190000057220459,1.3200000524520874,225.08999633789065,14.984999656677246,9.979999542236328,-2.405606906022104,-1.0064844511064062,-0.6937166560115362,-2.332321346549967,-1.43543367749673
366,2022-10-28,4.150000095367432,1.2899999618530271,228.5200042724609,14.260000228881836,9.6899995803833,-2.423610762345861,-1.064311772037346,-0.6357043800145377,-2.4669551618963603,-1.4604773107690125
367,2022-10-31,4.460000038146973,1.309999942779541,227.5399932861328,13.619999885559082,9.670000076293944,-2.2840807685252957,-1.0257603779396753,-0.6522794634847394,-2.5858044805869396,-1.4622044152928926
368,2022-11-01,4.639999866485596,1.2799999713897705,227.82000732421875,14.5600004196167,9.710000038146973,-2.203063415068389,-1.0835874690861806,-0.6475435410115715,-2.4112445382258016,-1.4587501238883294
369,2022-11-02,4.25,1.2599999904632568,214.97999572753903,16.31999969482422,9.489999771118164,-2.3786011215364686,-1.122138863183851,-0.86470872277217,-2.0844092217502928,-1.4777487677918275
370,2022-11-03,4.400000095367432,1.2599999904632568,215.30999755859372,16.75,9.9399995803833,-2.3110865530109312,-1.122138863183851,-0.859127348714778,-2.0045573219191857,-1.438887968901293
371,2022-11-04,4.570000171661377,1.2200000286102295,207.47000122070312,18.309999465942383,11.68000030517578,-2.2345700563235154,-1.1992416513791913,-0.9917264680302703,-1.7148623621909858,-1.2886260869107942
372,2022-11-07,4.480000019073486,1.2400000095367432,197.0800018310547,18.15999984741211,10.979999542236328,-2.2750788403634172,-1.1606902572815212,-1.167454199189717,-1.7427175854766697,-1.3490763100258516
373,2022-11-08,4.539999961853027,1.2599999904632568,191.3000030517578,18.46999931335449,10.5600004196167,-2.2480730558777817,-1.122138863183851,-1.265212248396357,-1.6851500767931393,-1.3853463285953613
374,2022-11-09,4.28000020980835,1.2400000095367432,177.58999633789062,16.18000030517578,9.25,-2.3650981219822023,-1.1606902572815212,-1.4970917975336724,-2.110407382923814,-1.4984745162192055
375,2022-11-10,4.559999942779541,1.2100000381469729,190.72000122070312,17.40999984741211,10.34000015258789,-2.239071127715903,-1.218517348428026,-1.2750219126722866,-1.8819940561034711,-1.4043449724988595
376,2022-11-11,5.510000228881836,1.2100000381469729,195.97000122070312,18.96999931335449,11.5600004196167,-1.811479003469432,-1.218517348428026,-1.186227818082998,-1.5922990963752717,-1.298988961124483
377,2022-11-14,5.630000114440918,1.2799999713897705,190.9499969482422,17.959999084472656,11.170000076293944,-1.7574674344981607,-1.0835874690861806,-1.2711319579320512,-1.7798581193231693,-1.3326683640865749
378,2022-11-15,5.860000133514404,1.309999942779541,194.4199981689453,18.940000534057617,11.510000228881836,-1.6539451533251095,-1.0257603779396753,-1.2124432690528015,-1.5978699285133793,-1.3033068459693875
379,2022-11-16,5.829999923706055,1.2799999713897705,186.9199981689453,17.770000457763672,10.529999732971191,-1.6674481528793756,-1.0835874690861806,-1.3392919756089283,-1.8151412368591244,-1.387937108916386
380,2022-11-17,6.21999979019165,1.2599999904632568,183.1699981689453,18.36000061035156,10.670000076293944,-1.4919104464112962,-1.122138863183851,-1.4027163288869917,-1.705577051630171,-1.3758470478220142
381,2022-11-18,6.320000171661377,1.2799999713897705,180.19000244140625,17.8799991607666,10.470000267028809,-1.446900590979007,-1.0835874690861806,-1.45311747603114,-1.7947142620220928,-1.393118504844829
382,2022-11-21,6.489999771118164,1.2400000095367432,167.8699951171875,17.56999969482422,10.020000457763672,-1.3703843089144878,-1.1606902572815212,-1.661487741876361,-1.852281770705624,-1.4319793037353636
383,2022-11-22,7.820000171661377,1.2400000095367432,169.91000366210938,16.729999542236328,10.010000228881836,-0.7717553349694279,-1.1606902572815212,-1.6269847491714562,-2.008271446143512,-1.4328428971757052
384,2022-11-23,7.869999885559082,1.25,183.1999969482422,17.329999923706055,10.5600004196167,-0.7492506218761801,-1.141414560232686,-1.4022089547067154,-1.8968501988023947,-1.3853463285953613
385,2022-11-25,8.0,1.2400000095367432,182.8600006103516,16.809999465942383,10.170000076293944,-0.6907379815125213,-1.1606902572815212,-1.407959367466081,-1.9934153034445883,-1.4190257315574535
386,2022-11-28,6.889999866485596,1.2200000286102295,182.9199981689453,17.040000915527344,10.119999885559082,-1.1903455310540207,-1.1992416513791913,-1.4069446191055293,-1.9507035832615995,-1.4233436164023578
387,2022-11-29,7.130000114440918,1.2400000095367432,180.8300018310547,18.530000686645508,10.5,-1.082322178488582,-1.1606902572815212,-1.4422930633946582,-1.67400770412016,-1.3905278068806075
388,2022-11-30,7.440000057220459,1.2400000095367432,194.6999969482422,22.0,12.779999732971191,-0.9427921846680165,-1.1606902572815212,-1.2077076046539879,-1.0296220275315764,-1.1936330321069097
389,2022-12-01,7.070000171661377,1.2599999904632568,194.6999969482422,21.299999237060547,12.09000015258789,-1.1093279629742174,-1.122138863183851,-1.2077076046539879,-1.1596135417959434,-1.2532195794248224
390,2022-12-02,6.610000133514404,1.2699999809265137,194.8600006103516,22.780000686645508,13.130000114440918,-1.31637252532032,-1.102863166135016,-1.2050014369762783,-0.8847743705682859,-1.163407920549381
391,2022-12-05,6.179999828338623,1.2100000381469729,182.4499969482422,22.11000061035156,12.800000190734863,-1.5099143027350532,-1.218517348428026,-1.4148938253623282,-1.0091946984961644,-1.1919058452262266
392,2022-12-06,5.670000076293945,1.2300000190734863,179.82000732421875,23.100000381469727,13.239999771118164,-1.7394635781744037,-1.1799659543303562,-1.4593752629707823,-0.8253497997725916,-1.1539086397760336
393,2022-12-07,5.889999866485596,1.2300000190734863,174.0399932861328,22.59000015258789,12.579999923706056,-1.6404423683937401,-1.1799659543303562,-1.5571335702517766,-0.9200578423026223,-1.2109044891297247
394,2022-12-08,6.130000114440918,1.2000000476837158,173.44000244140625,24.100000381469727,13.40999984741211,-1.532419015828301,-1.2377930454768615,-1.5672813119316542,-0.6396478389368565,-1.1392278807174399
395,2022-12-09,6.010000228881836,1.25,179.0500030517578,21.1200008392334,12.630000114440918,-1.586430584799572,-1.141414560232686,-1.4723984691046972,-1.1930395972197356,-1.2065866042848201
396,2022-12-12,5.900000095367432,1.2000000476837158,167.82000732421875,20.71999931335449,12.489999771118164,-1.6359412970013525,-1.2377930454768615,-1.6623331934605852,-1.2673206649127353,-1.2186766653791923
397,2022-12-13,5.78000020980835,1.2000000476837158,160.9499969482422,20.34000015258789,12.3100004196167,-1.6899528659726235,-1.2377930454768615,-1.778526784156558,-1.3378872541830262,-1.2342209355213243
398,2022-12-14,5.380000114440918,1.1799999475479126,156.8000030517578,20.280000686645508,12.100000381469728,-1.8699916438330906,-1.276344669358966,-1.8487162985545398,-1.3490292726576236,-1.2523559859844806
399,2022-12-15,5.039999961853027,1.149999976158142,157.6699981689453,20.43000030517578,11.880000114440918,-2.023024637207922,-1.3341717605054713,-1.8340019311778224,-1.3211740493719395,-1.271354629887979
400,2022-12-16,4.989999771118164,1.1399999856948853,150.22999572753906,20.450000762939453,11.600000381469728,-2.045529564924067,-1.3534474575543063,-1.9598358893733967,-1.3174599251476133,-1.2955346697199197
401,2022-12-19,4.710000038146973,1.1299999952316284,149.8699951171875,20.040000915527344,11.0600004196167,-2.171556559190366,-1.3727231546031415,-1.965924637611065,-1.3935977007543943,-1.3421676448599222
402,2022-12-20,4.670000076293945,1.1399999856948853,137.8000030517578,20.1200008392334,11.09000015258789,-2.189560415514123,-1.3534474575543063,-2.170066355163394,-1.3787415580554707,-1.3395769468957008
403,2022-12-21,4.820000171661377,1.100000023841858,137.57000732421875,20.799999237060547,11.609999656677246,-2.122045846988586,-1.4305502457496468,-2.1739563099036294,-1.252464522213811,-1.2946711586363817
404,2022-12-22,4.760000228881836,1.090000033378601,125.3499984741211,20.43000030517578,11.289999961853027,-2.1490516314742214,-1.4498259427984819,-2.3806352854688706,-1.3211740493719395,-1.3223054898728859
405,2022-12-23,4.880000114440918,1.1200000047683716,123.1500015258789,18.770000457763672,10.970000267028809,-2.0950400625029504,-1.3919988516519766,-2.4178441877771304,-1.6294392760233893,-1.3499398211093898
406,2022-12-27,4.690000057220459,1.0399999618530271,109.0999984741211,18.540000915527344,10.0600004196167,-2.1805584873522443,-1.546204657827092,-2.655474149673812,-1.672150642007997,-1.4285250123308006
407,2022-12-28,4.75,1.0499999523162842,112.70999908447266,18.43000030517578,9.800000190734863,-2.153552702866609,-1.5269289607782566,-2.5944176285951555,-1.69257797104341,-1.4509779476388618
408,2022-12-29,5.46999979019165,1.0499999523162842,121.96170043945312,19.43000030517578,10.03499984741211,-1.8294830744160857,-1.5269289607782566,-2.4379421152187772,-1.5068760102076748,-1.4306839959316546
