Date,Open,High,Low,Close,Volume,Market Cap
Dec-18-2022,0.000143471,0.000143992,0.000139891,0.000141642,68723697.18,850466282.1
Dec-17-2022,0.000138,0.000144794,0.000130369,0.000143486,150031000.6,843422835.6
Dec-16-2022,0.000161372,0.0001635,0.000130634,0.000137158,66145799.13,935637686
Dec-15-2022,0.000165311,0.000165459,0.000160412,0.000161372,58358658.08,979761566.9
Dec-14-2022,0.000168106,0.000169293,0.000165266,0.000165311,70579471.12,1005457528
Dec-13-2022,0.000170552,0.000170974,0.000162634,0.000168106,90650766.28,1003463450
Dec-12-2022,0.000166914,0.000171276,0.000162814,0.000170434,67300590.18,999343752.8
Dec-11-2022,0.000170811,0.000171693,0.000166177,0.000166967,52982965.06,1020293397
Dec-10-2022,0.000171648,0.000172648,0.000170018,0.000170811,59146239.71,1028293678
Dec-09-2022,0.000173373,0.000177316,0.000170652,0.000171648,134132247.9,1034550715
Dec-08-2022,0.000165231,0.000175528,0.000162762,0.000173598,115311677.3,1017590130
Dec-07-2022,0.000171803,0.000172105,0.000162168,0.000165231,89256302.73,998496974.3
Dec-06-2022,0.00017398,0.000176272,0.000168158,0.000171876,84437115.03,1034793092
Dec-05-2022,0.000176306,0.000178218,0.000171213,0.00017398,84965206.18,1053457312
Dec-04-2022,0.000172534,0.000177307,0.000172261,0.000176306,97736431.42,1047413799
Dec-03-2022,0.00018065,0.000183061,0.000171962,0.000172884,166210539.5,1075151624
Dec-02-2022,0.000168511,0.000191214,0.000167061,0.000181153,286699894.6,1084366376
Dec-01-2022,0.000164891,0.000174019,0.000160369,0.000169545,98445292.49,984027874.7
Nov-30-2022,0.000160182,0.000165951,0.00015984,0.000164891,80758483.77,974187245.6
Nov-29-2022,0.000158762,0.000162699,0.000157692,0.000160182,74125540.94,960004058.3
Nov-28-2022,0.000162151,0.000162974,0.000153676,0.000158752,103130491.7,944114398.1
Nov-27-2022,0.000159279,0.000166252,0.000158795,0.000162001,88457399.59,973565272.9
Nov-26-2022,0.000158573,0.000164479,0.000158235,0.000159279,84136152.62,966902062.6
Nov-25-2022,0.000162026,0.000162097,0.000156098,0.000158555,82103828.94,949940617
Nov-24-2022,0.000164892,0.000166713,0.000160777,0.000162026,101369737.4,977239661.4
Nov-23-2022,0.000161327,0.000168609,0.000158475,0.000164782,162116616.5,980437394.2
Nov-22-2022,0.000151588,0.000164432,0.000148044,0.000161026,143903193.8,924633322.4
Nov-21-2022,0.0001592,0.000160206,0.000148581,0.000151405,159723028.5,924548086.2
Nov-20-2022,0.000173392,0.000174137,0.000156921,0.000159281,96398111.54,1013858770
Nov-19-2022,0.000176717,0.000176717,0.000172467,0.000173392,110215758.5,1044084644
Nov-18-2022,0.000172617,0.000181258,0.000172186,0.000176694,138869487.4,1054599373
Nov-17-2022,0.000179032,0.000179032,0.000169557,0.000172467,135054154.6,1044171686
Nov-16-2022,0.000183849,0.000186772,0.000175933,0.000179261,201346078.6,1086352045
Nov-15-2022,0.000173084,0.000190461,0.00017183,0.000183719,173038094.5,1088345488
Nov-14-2022,0.000170408,0.000178275,0.000158508,0.00017313,200184653,1040305848
Nov-13-2022,0.000182155,0.000186797,0.000167815,0.000170353,138760618.4,1102714759
Nov-12-2022,0.000188844,0.000189359,0.000180097,0.000181792,189187660.5,1128169619
Nov-11-2022,0.000194129,0.000205785,0.000181485,0.000189376,311801726.7,1182752341
Nov-10-2022,0.000184645,0.000203567,0.000180498,0.000194246,684622936.9,1189991293
Nov-09-2022,0.000190275,0.000221393,0.000156806,0.000184273,553832372,1096465824
Nov-08-2022,0.000235801,0.000239355,0.000149974,0.000189002,303386959.2,1321247607
Nov-07-2022,0.000232315,0.000239314,0.000227408,0.000236461,233764713.2,1437057178
Nov-06-2022,0.000246039,0.000254877,0.000230967,0.00023212,282945288.5,1514380319
Nov-05-2022,0.000259541,0.000277101,0.000244461,0.000245753,644550675.2,1556141041
Nov-04-2022,0.000218602,0.000268884,0.000217274,0.000258867,276559170.9,1405885922
Nov-03-2022,0.000213355,0.000228215,0.000212674,0.00021853,298212809.2,1359577934
Nov-02-2022,0.000220185,0.000231793,0.000209294,0.000213495,356039305.2,1352182251
Nov-01-2022,0.000242126,0.000243759,0.000210907,0.00021888,226105001.6,1467626913
Oct-31-2022,0.000249528,0.000256909,0.000239954,0.000242207,400786236.3,1507198614
Oct-29-2022,0.000237392,0.000265953,0.000235942,0.000249344,438589795.9,1504857047
Oct-28-2022,0.000243461,0.000251293,0.000235305,0.000237508,272157782.8,1494860059
Oct-27-2022,0.000240207,0.000254035,0.000239907,0.000244088,348359826.2,1502361128
Oct-26-2022,0.000243867,0.000251774,0.000237328,0.000240801,266830889,1503600263
Oct-25-2022,0.000237517,0.000252102,0.000235998,0.000243697,270216655,1502939527
Oct-24-2022,0.000230901,0.000243965,0.000229536,0.000237873,164069771.5,1439742415
Oct-23-2022,0.000239159,0.000245022,0.000229036,0.000230715,243207976.1,1435988331
Oct-22-2022,0.000232746,0.000243365,0.000225677,0.000239115,191272426.8,1438511665
Oct-21-2022,0.00023716,0.000239138,0.000229182,0.00023309,214960648.4,1436880851
Oct-20-2022,0.000236177,0.000241161,0.000226745,0.000237309,246290072.3,1448186697
Oct-19-2022,0.00025308,0.000255929,0.000234249,0.000236447,240569143.3,1524285446
Oct-18-2022,0.000252718,0.000258826,0.000242845,0.000252152,270259823.2,1531039389
Oct-17-2022,0.000263813,0.000270489,0.000246861,0.000253109,211925478.6,1607254919
Oct-16-2022,0.000263711,0.000271827,0.000261662,0.000264237,231219245.7,1628836125
Oct-15-2022,0.000264627,0.000268644,0.000256633,0.000262504,209704510.2,1623547395
Oct-14-2022,0.000271928,0.000275328,0.000264112,0.000264405,239770889,1663143921
Oct-13-2022,0.000277496,0.000288889,0.000268785,0.00027202,432867969.2,1718141669
Oct-12-2022,0.000286997,0.000290891,0.000259024,0.000277471,479915877.9,1702221667
Oct-11-2022,0.000280661,0.000299381,0.000280323,0.000286637,523219540.1,1764282917
Oct-10-2022,0.000288319,0.000292375,0.000269338,0.000281131,668203349.4,1733948837
Oct-09-2022,0.000305916,0.000316513,0.000285695,0.000288097,503666981.7,1850244057
Oct-08-2022,0.000294194,0.000308741,0.000291669,0.000306164,299042397.1,1822952163
Oct-07-2022,0.00028939,0.000296862,0.000284942,0.000294611,351600897.3,1788347595
Oct-06-2022,0.000286332,0.000302569,0.000283385,0.000289035,401068120.9,1787893587
Oct-05-2022,0.000300656,0.000304653,0.000283996,0.000285885,377230080.9,1817399821
Oct-04-2022,0.000307356,0.000314934,0.000291245,0.000301327,517659104.9,1868851735
Oct-03-2022,0.000311568,0.000321336,0.000303575,0.000306766,837224723.1,1913829474
Oct-02-2022,0.000332814,0.000345192,0.000300266,0.000311475,1049137569,1986741463
Oct-01-2022,0.000334027,0.000362013,0.000324048,0.000334715,1082354501,2087999239
Sep-30-2022,0.000303706,0.000345741,0.00029089,0.00033305,579983201.3,1846470419
Sep-29-2022,0.000283365,0.000308446,0.000279071,0.000305267,663363483.3,1807255575
Sep-28-2022,0.00027492,0.000285504,0.000271716,0.000285504,645631684.9,1706082767
Sep-27-2022,0.000278195,0.000290723,0.000260427,0.000275045,891641753.4,1689165838
Sep-26-2022,0.000309664,0.000309664,0.000267653,0.000277841,1889954775,1759198214
Sep-25-2022,0.000197318,0.000323681,0.000182447,0.000310538,1704036434,1604845198
Sep-24-2022,0.000226484,0.000241127,0.000188525,0.000197921,509553149.3,1383067598
Sep-23-2022,0.000256794,0.000264765,0.000225188,0.000226977,650434394.2,1510050007
Sep-22-2022,0.000277538,0.000282131,0.00023035,0.000257396,631014845.7,1609537370
Sep-21-2022,0.000284949,0.000288623,0.000265764,0.000277954,564731456,1715040745
Sep-20-2022,0.000301376,0.000308848,0.000270243,0.000285215,742365700.7,1771929479
Sep-19-2022,0.000311275,0.000311791,0.00028535,0.000300811,874593602.9,1830638437
Sep-18-2022,0.000272907,0.000319476,0.000266256,0.000310557,836263898.2,1809165014
Sep-17-2022,0.00031051,0.000319093,0.000267506,0.000271923,711155992.4,1826347980
Sep-16-2022,0.000305083,0.000327158,0.00028867,0.000310541,1265654338,1896986264
Sep-15-2022,0.000259221,0.000328237,0.000257686,0.000309769,1238344523,1799339559
Sep-14-2022,0.000299373,0.000299373,0.000245545,0.000257235,1092240839,1653497407
Sep-13-2022,0.000358132,0.000368223,0.000274587,0.000300947,1305789327,1901937243
Sep-12-2022,0.000300387,0.000389185,0.000292965,0.000358154,1363804982,2138326153
Sep-11-2022,0.000431947,0.000431947,0.000295233,0.000295233,868746933.6,2291172792
Sep-10-2022,0.000436139,0.000471252,0.000394738,0.000417182,1106575794,2638852978
Sep-09-2022,0.000430202,0.000489133,0.000415506,0.000438192,1920019499,2715727373
Sep-08-2022,0.000515236,0.000544531,0.000391756,0.000430246,2598402155,2951653391
Sep-07-2022,0.000440533,0.000589731,0.000426552,0.000515695,2694239480,3159216619
Sep-06-2022,0.000379408,0.000482398,0.00033597,0.000437151,1162645148,2502333067
Sep-05-2022,0.000406094,0.0004466,0.000347254,0.00038167,580236823.3,2451695918
Sep-04-2022,0.000254032,0.000413053,0.000249012,0.000413053,204308036.5,1906280479
Sep-03-2022,0.000260584,0.000269175,0.000236015,0.000252655,124168787.5,1627713262
Sep-02-2022,0.000241979,0.000267175,0.000230066,0.000259804,195745486.6,1660320753
Sep-01-2022,0.000275321,0.000300036,0.000222361,0.000242056,360267735.7,1649171957
Aug-31-2022,0.000221253,0.000293007,0.000206215,0.000276498,416908987,1681745031
Aug-30-2022,0.000158592,0.000236739,0.000150842,0.000224303,146694256,1128755891
Aug-29-2022,0.000131491,0.00016258,0.000130486,0.000157452,101169885.6,973233125.7
Aug-28-2022,0.000124976,0.000135187,0.000124074,0.000131491,69588746.79,861793737.9
Aug-27-2022,0.000133774,0.00013383,0.000120441,0.000125417,79351361.04,833194713.7
Aug-26-2022,0.000123033,0.000136943,0.000117977,0.000134443,113180330.4,849641782.2
Aug-25-2022,0.000131092,0.000139882,0.000116454,0.000121024,117899106.3,823848500.4
Aug-24-2022,9.98545E-05,0.000138101,9.96246E-05,0.000131922,54007965.41,719130130.6
Aug-23-2022,0.000105829,0.000107071,9.91908E-05,9.94317E-05,52922860.97,667423767.8
Aug-22-2022,9.15919E-05,0.000107304,8.98034E-05,0.000105594,29771596.96,629313562
Aug-21-2022,9.01579E-05,9.34339E-05,8.78927E-05,9.17479E-05,16421520.22,594097793.9
Aug-20-2022,8.79076E-05,9.13855E-05,8.7326E-05,9.03639E-05,13474473.61,585229283.6
Aug-19-2022,8.60118E-05,9.05551E-05,8.57755E-05,8.80889E-05,15891649.09,580870539.7
Aug-18-2022,9.31684E-05,9.44222E-05,8.58601E-05,8.60118E-05,21970620.95,585556872
Aug-17-2022,9.49137E-05,9.8611E-05,9.30991E-05,9.33554E-05,16851251.81,624586670.2
Aug-16-2022,9.70207E-05,9.84735E-05,9.33767E-05,9.51084E-05,14950281.35,632280303.3
Aug-15-2022,9.66552E-05,9.76451E-05,9.56784E-05,9.72175E-05,16869606.75,636306859.4
Aug-14-2022,0.000100225,0.000103465,9.52999E-05,9.66552E-05,34170945.34,642466468.6
Aug-13-2022,9.68767E-05,0.000110549,9.68767E-05,0.000100158,18327786.35,649810122.7
Aug-12-2022,9.79754E-05,9.97205E-05,9.65598E-05,9.68767E-05,14812100.26,644920372.8
Aug-11-2022,9.68984E-05,9.87793E-05,9.46633E-05,9.79754E-05,15149700.55,636885074.8
Aug-10-2022,9.84629E-05,9.98584E-05,9.61024E-05,9.67254E-05,18118558.57,647612443.8
Aug-09-2022,9.6556E-05,0.000100324,9.3281E-05,9.84769E-05,30649700.8,632867621.2
Aug-08-2022,9.91729E-05,0.000100646,8.53285E-05,9.6556E-05,20604064,640532909.2
Aug-07-2022,9.94365E-05,0.000101184,9.86198E-05,9.91729E-05,15237471.69,658498937.9
Aug-06-2022,9.99945E-05,0.00010032,9.79582E-05,9.92151E-05,13754898.92,654117534.1
Aug-05-2022,0.000100809,0.000101988,9.99822E-05,9.99945E-05,14575925.94,662784301.6
Aug-04-2022,9.91352E-05,0.000101022,9.90831E-05,0.000100606,15054026.54,657857542.3
Aug-03-2022,0.000100013,0.000101589,9.84953E-05,9.89804E-05,17322085.75,654962721.8
Aug-02-2022,9.99447E-05,0.000101966,9.80041E-05,0.000100288,20978305.1,660794843.4
Aug-01-2022,0.000104747,0.000105425,9.61877E-05,9.99447E-05,41601391.28,656071507.6
Jul-31-2022,9.79761E-05,0.000117016,9.73941E-05,0.00010518,46822045.49,684942067.3
Jul-30-2022,9.81096E-05,0.000104097,9.71223E-05,9.77481E-05,18410706.76,646300476.9
Jul-29-2022,9.89022E-05,0.000100779,9.75368E-05,9.82588E-05,18536422.83,652104400.9
Jul-28-2022,0.000100169,0.000103738,9.81435E-05,9.91252E-05,23706413.88,656772043.8
Jul-27-2022,9.89947E-05,0.000103639,9.62205E-05,0.000100173,24587293.93,650009304.2
Jul-26-2022,9.21779E-05,9.94953E-05,9.1765E-05,9.89799E-05,25136346.44,628267809.4
Jul-25-2022,9.18622E-05,9.26456E-05,8.58604E-05,9.13227E-05,21747621.57,594691622.3
Jul-24-2022,9.9688E-05,9.99456E-05,9.12242E-05,9.12242E-05,13125701.46,638088759.1
Jul-23-2022,9.98253E-05,0.000101552,9.93974E-05,9.97211E-05,13963531.74,658701467.4
Jul-22-2022,0.000100476,0.000101416,9.59701E-05,0.000100103,15367433.78,654383619.7
Jul-21-2022,0.000102236,0.000104436,9.89365E-05,0.000100476,16871425.89,668555829.2
Jul-20-2022,0.000101086,0.000102706,9.80419E-05,0.000102452,28799584.98,660906205.8
Jul-19-2022,0.000106112,0.000110751,9.99482E-05,0.00010091,22428018.73,698500625.7
Jul-18-2022,0.000106817,0.000108867,0.000103147,0.000106112,29341460.43,692154508.1
Jul-17-2022,0.000101685,0.000110305,0.000101435,0.000106324,22673095.22,685956693.7
Jul-16-2022,0.000105601,0.000105601,9.67399E-05,0.000101685,22472639.08,673852428.6
Jul-15-2022,0.00010732,0.000108061,0.000102587,0.00010445,35058344.41,686540894.1
Jul-14-2022,9.2211E-05,0.000113138,9.0638E-05,0.00010732,45385207.43,688286395.8
Jul-13-2022,9.52657E-05,9.56945E-05,8.89933E-05,9.2211E-05,26023390.23,602298141.8
Jul-12-2022,9.16959E-05,9.68345E-05,8.64872E-05,9.53743E-05,26795688.81,610397576.1
Jul-11-2022,0.000104731,0.000104731,9.1694E-05,9.17797E-05,30781749.78,633123719.8
Jul-10-2022,0.000110945,0.000110945,0.000103191,0.000104946,25654063.43,707145292.2
Jul-09-2022,0.000110554,0.000113796,0.000104261,0.000110537,23113735.42,722417848.7
Jul-08-2022,0.00011003,0.000112396,0.000106702,0.000110554,17148983.74,719189323.5
Jul-07-2022,0.000112539,0.000115638,0.000109396,0.000110252,27919266.6,734444325.4
Jul-06-2022,0.000112212,0.000116012,0.00010546,0.000112033,25625268.62,727856407.9
Jul-05-2022,0.000116538,0.000119733,0.000108136,0.000112439,28708167.94,751337235.5
Jul-04-2022,0.000128343,0.000128343,0.000107728,0.000116799,45758767.62,771239024.7
Jul-03-2022,0.000130315,0.000131006,0.000124106,0.000128617,30131717.55,836681021.1
Jul-02-2022,0.000123293,0.000131452,0.000120876,0.000131452,40742152.76,820784826.7
Jul-01-2022,0.000131643,0.000133011,0.000116473,0.000122914,85878505.95,834818813.4
Jun-30-2022,0.000113334,0.000140608,0.00010979,0.000132828,118329219.6,792301100.7
Jun-29-2022,0.000161966,0.000163122,0.000104562,0.000112373,191096952.7,828247355.6
Jun-28-2022,0.000107912,0.00016483,0.000104697,0.00016367,229543635.5,904041297.4
Jun-27-2022,8.87039E-05,0.000115044,7.91507E-05,0.000107555,95953815.05,601634047.7
Jun-26-2022,6.5784E-05,9.70805E-05,6.43523E-05,8.8379E-05,75651628.08,534996471.1
Jun-25-2022,5.86212E-05,6.80359E-05,5.82342E-05,6.59914E-05,11358729.38,397062203.5
Jun-24-2022,5.90141E-05,5.95934E-05,5.81257E-05,5.86212E-05,8884060.052,384688657.9
Jun-23-2022,5.76121E-05,6.01457E-05,5.71519E-05,5.91403E-05,8094826.864,382334127.2
Jun-22-2022,5.65166E-05,5.79563E-05,5.64172E-05,5.77293E-05,7556322.962,375085249.2
Jun-21-2022,5.79119E-05,5.80476E-05,5.63067E-05,5.65166E-05,13047409.74,375018860.9
Jun-20-2022,5.78722E-05,6.15069E-05,5.78055E-05,5.79119E-05,14720145.79,390057530.4
Jun-19-2022,6.11522E-05,6.17514E-05,5.68704E-05,5.7989E-05,19648082.17,381416695.3
Jun-18-2022,5.53496E-05,6.33734E-05,5.31357E-05,6.06613E-05,18489430.87,369398358.2
Jun-17-2022,5.86511E-05,5.89099E-05,5.16304E-05,5.54744E-05,12117979.19,363188176.5
Jun-16-2022,5.79753E-05,5.92952E-05,5.77411E-05,5.87825E-05,13244846.07,383953639.3
Jun-15-2022,6.17195E-05,6.39955E-05,5.70738E-05,5.78584E-05,22133119.07,391116527.2
Jun-14-2022,6.05759E-05,6.17933E-05,5.40146E-05,6.15897E-05,21993195.82,382828571.6
Jun-13-2022,6.01509E-05,6.26671E-05,5.55778E-05,6.02653E-05,31791881.39,393652774.7
Jun-12-2022,6.93866E-05,7.052E-05,5.66086E-05,6.00597E-05,39227434.72,417237310.8
Jun-11-2022,6.94865E-05,7.48357E-05,6.5485E-05,6.92044E-05,33354892.93,452821061.4
Jun-10-2022,7.04652E-05,7.54833E-05,6.56424E-05,6.94751E-05,33333662.96,460564255.7
Jun-09-2022,7.51007E-05,8.26718E-05,6.80601E-05,7.01568E-05,91088547.9,482492353.8
Jun-08-2022,4.6667E-05,8.60409E-05,4.15717E-05,7.49397E-05,108914396.6,452418038.1
Jun-07-2022,6.33542E-05,6.39759E-05,4.64305E-05,4.64305E-05,39127790.83,382062417.4
Jun-06-2022,8.06012E-05,8.06012E-05,6.26105E-05,6.39662E-05,29989829.96,469535999.1
Jun-05-2022,7.91872E-05,8.70401E-05,7.85599E-05,8.05927E-05,32580909.94,537844319
Jun-04-2022,9.23539E-05,9.24013E-05,7.88759E-05,7.93435E-05,35813491.99,544393652.2
Jun-03-2022,9.53539E-05,9.61906E-05,9.07507E-05,9.23394E-05,27157443.64,610065389.2
Jun-02-2022,0.000100925,0.000102364,9.37544E-05,9.56366E-05,42847007.15,635778670.6
Jun-01-2022,9.90258E-05,0.000104878,9.34046E-05,0.000100423,67647660.03,644526680.1
May-31-2022,0.000114247,0.000126545,9.25153E-05,9.95976E-05,105127141.2,686057214.3
May-30-2022,0.000126719,0.000134942,0.000109023,0.000114713,220156294.5,766039107.8
May-29-2022,0.000132881,0.00018424,0.000122438,0.000126629,367902594.9,899032671.8
May-28-2022,0.000133042,0.000133483,0.000131657,0.000132907,575601860.4,866510965.9
May-27-2022,0.000135581,0.000136898,0.000132463,0.000132989,635317526.2,877899354.1
May-26-2022,0.000137503,0.000137947,0.000135302,0.000135638,746105281.8,889094505.6
May-25-2022,0.000181612,0.00018249,0.000132319,0.000137721,910377208.7,998676014.6
May-24-2022,0.000176491,0.000199213,0.000163937,0.000181446,776555355.1,1168820841
May-23-2022,0.000158948,0.000182926,0.000149308,0.000179892,785693065,1057797057
May-22-2022,0.000188695,0.000216442,0.000155683,0.000161318,1821058504,1214721566
May-21-2022,0.000122504,0.000217132,0.000117947,0.000189209,1487901907,1107620067
May-20-2022,0.000117803,0.00013081,0.000101573,0.000121942,470474600.3,728713725.7
May-19-2022,0.000132569,0.000146567,0.000121053,0.000121607,504877377.1,883379627.9
May-18-2022,0.000146285,0.000158492,0.000126572,0.000133631,873382453.7,921622787.9
May-17-2022,0.000186332,0.000197734,0.00014436,0.000147743,1095630380,1163531071
May-16-2022,0.000193492,0.000220371,0.00016611,0.000186892,1406066570,1223288706
May-15-2022,0.000213243,0.00027539,0.000127543,0.000191069,1261419390,1362358529
May-14-2022,0.000410128,0.00041337,0.000178067,0.000211159,1389907860,1854926834
May-13-2022,8.20252E-05,0.000478487,6.78819E-05,0.000417233,1635388489,1851778412
May-12-2022,0.000317734,0.000580374,1.65066E-05,7.78964E-05,407355705.4,959291930.6
May-11-2022,1.073722166,1.351530185,0.000305317,0.000305317,8833030558,759882796.9
May-10-2022,17.3193,19.102,0.731013871,1.086587866,22416334975,2708882612
May-09-2022,30.93704972,39.33638749,14.00482753,17.415,24512560939,10458105981
May-08-2022,64.34230524,64.9814,32.86543707,34.11566055,8749640087,19459543887
May-07-2022,68.0842,68.13865924,59.56559656,63.51277361,7186777641,22159842263
May-06-2022,77.3937,77.3937,63.6782,68.4887,3410635167,25014205835
May-05-2022,82.4166,82.86740051,77.2584,77.4189,3765956630,27478766186
May-04-2022,86.0307,87.6677,79.30009515,82.6251,3077808133,28886483633
May-03-2022,82.48261532,88.0858,82.06222862,85.98399524,2297442608,29124588773
May-02-2022,84.26911127,85.48741234,81.28164963,82.56575867,2607702186,28836482951
May-01-2022,82.1485,84.9799,81.2462157,84.33420209,2799796671,28675746975
Apr-30-2022,78.14632554,82.35046801,77.34859466,82.2711,2912370198,27670034863
Apr-29-2022,85.10375868,86.2824,76.7116,78.38195414,2341130507,28692395845
Apr-28-2022,89.0934,89.55571274,84.2544,84.9025538,3124456588,29868862468
Apr-27-2022,89.0394,92.2503,87.4506,88.6656,2741257379,31001220370
Apr-26-2022,88.43,90.5279,87.62365505,89.06556903,3903270783,30791975356
Apr-25-2022,96.84744355,97.24889431,86.94581447,88.30397371,4105704519,32453390048
Apr-24-2022,90.5068967,97.2659,87.5699,97.06952797,3323104818,31858416155
Apr-23-2022,89.2624,92.2238,88.9418,90.42830625,1985675825,31736256042
Apr-22-2022,93.5338,93.94914069,89.32303267,89.3454,3119045139,32232982225
Apr-21-2022,90.67972695,96.64794575,90.67972695,93.6804,3067923342,32911747581
Apr-20-2022,94.86438523,98.99775207,90.02114656,90.61326477,2161614646,33671504383
Apr-19-2022,95.71395939,96.66328339,94.10055428,94.86438523,2285215171,33632458937
Apr-18-2022,91.15005209,95.71395939,88.88985145,95.71395939,3047688439,32482458912
Apr-17-2022,77.42162559,91.15005209,76.05672391,91.15005209,1930855169,29171944613
Apr-16-2022,81.0525403,82.35912717,77.42162559,77.42162559,896285407,29013298531
Apr-15-2022,80.34961415,81.71725434,80.34961415,81.0525403,1005708595,28983209929
Apr-14-2022,81.6757526,82.29697575,80.13367733,80.34961415,1654822324,29261104863
Apr-13-2022,87.85150958,89.68287887,81.10208114,81.6757526,1910793929,30653513858
Apr-12-2022,84.57206595,87.85150958,83.67496499,87.85150958,2084736569,30288847280
Apr-11-2022,82.3986396,87.98275939,81.63312147,84.57206595,2897157338,29867398336
Apr-10-2022,92.58947577,92.58947577,81.428687,82.3986396,2436331698,30864494530
Apr-09-2022,97.23776575,97.23776575,92.58947577,92.58947577,1605370824,33697769138
Apr-08-2022,94.2948148,97.23776575,93.15260709,97.23776575,2948451430,33566042890
Apr-07-2022,103.4813137,105.9603398,94.2948148,94.2948148,2984766031,35748845140
Apr-06-2022,107.7593074,109.2791295,101.8863264,103.4813137,3193458989,37229919638
Apr-05-2022,116.292032,117.6585823,107.1082516,107.7593074,3183372908,39622875790
Apr-04-2022,116.4646957,119.0074819,115.0674354,116.292032,2579393277,41052466925
Apr-03-2022,112.9578074,116.8696033,110.3104722,116.4646957,2125683203,40031438420
Apr-02-2022,115.3905052,117.381066,112.1708464,112.9578074,2766435637,40422198005
Apr-01-2022,105.7406201,116.041614,105.7406201,115.3905052,2367186315,39328735618
Mar-31-2022,103.1366549,107.3194336,99.23681283,105.7406201,2294256172,36744021478
Mar-30-2022,106.1021661,108.4384026,102.5802747,103.1366549,2291253528,37565018897
Mar-29-2022,108.8274738,110.906329,105.3473072,106.1021661,3142834101,37934452639
Mar-28-2022,97.3280059,108.8274738,97.3280059,108.8274738,3384037047,37172417472
Mar-27-2022,94.0380159,100.5214333,93.2420735,97.3280059,1623397448,34157812476
Mar-27-2022,91.39518553,94.0380159,90.2275268,94.0380159,841714630.4,32447455905
Mar-26-2022,90.30704849,91.5609242,89.01227969,91.39518553,1292166000,32282173818
Mar-25-2022,93.79951838,94.10276203,90.19167799,90.30704849,1439392271,33233246486
Mar-24-2022,94.80007196,95.28214577,92.62879296,93.79951838,1353176808,33910831568
Mar-23-2022,92.98001769,96.10214924,92.68505037,94.80007196,1315222747,34007218491
Mar-22-2022,95.85428822,95.85428822,92.61423631,92.98001769,2078073587,33979046499
Mar-21-2022,90.53487001,97.11572432,90.53487001,95.85428822,1854271445,34458735975
Mar-20-2022,92.14963196,94.04210257,90.32759354,90.53487001,1594812429,33585030000
Mar-19-2022,88.36904785,93.06076432,87.95414797,92.14963196,1887998381,33019436720
Mar-18-2022,86.99451475,88.36904785,83.10995183,88.36904785,1652233676,31336266773
Mar-17-2022,89.1233131,89.7317783,86.99451475,86.99451475,1935231923,32433006664
Mar-16-2022,88.71483177,90.09265681,87.19246992,89.1233131,2537880784,32828170125
Mar-15-2022,94.62739022,94.97275339,88.51878049,88.71483177,2513734720,34024539261
Mar-14-2022,87.43673319,94.62739022,87.43673319,94.62739022,2432057678,33968515467
Mar-13-2022,86.07434594,91.88076606,86.07434594,87.43673319,1736730466,32964652084
Mar-12-2022,88.26517487,91.78975406,86.07434594,86.07434594,2893295922,33709616282
Mar-11-2022,101.315854,101.315854,88.26517487,88.26517487,4306154844,35282470887
Mar-10-2022,99.37425412,102.2993657,93.98813623,101.315854,4399373548,35379910443
Mar-09-2022,85.57298192,103.4126601,85.57298192,99.37425412,4063651849,35242271587
Mar-08-2022,77.99914592,86.16720442,77.99914592,85.57298192,2464560044,29868064579
Mar-07-2022,79.19352667,82.81146406,76.76425887,77.99914592,2211404178,29402991830
Mar-06-2022,87.39388779,87.81859465,79.19352667,79.19352667,1907918521,31096748088
Mar-05-2022,83.63442899,87.82443408,81.67584344,87.39388779,2603376179,31316266133
Mar-04-2022,90.52794771,92.95354433,83.63442899,83.63442899,2657208089,33502255136
Mar-03-2022,92.26810077,93.67579282,88.06464548,90.52794771,2842049315,34132923800
Mar-02-2022,89.7377105,95.17324298,89.65401484,92.26810077,3631285513,34686033564
Mar-01-2022,91.25984973,94.07634408,87.16920581,89.7377105,3938134596,33754740351
Feb-28-2022,72.64279893,91.25984973,71.23850632,91.25984973,2756229886,29280822437
Feb-27-2022,78.05008511,78.05008511,72.64279893,72.64279893,2252677046,28648278243
Feb-26-2022,73.31950862,78.96225754,73.11297803,78.05008511,2755529648,28495175452
Feb-25-2022,65.44418281,73.31950862,64.52542064,73.31950862,3855661143,25643036308
Feb-24-2022,59.7921202,65.44418281,52.20087462,65.44418281,3459177038,21773665477
Feb-23-2022,54.7355018,61.76257855,54.7355018,59.7921202,1872672513,22500258935
Feb-22-2022,50.25123709,54.7355018,48.80284808,54.7355018,1762270331,20025078344
Feb-21-2022,49.40333376,53.30818774,49.38762317,50.25123709,1002751647,20043350065
Feb-20-2022,50.50251006,50.50251006,47.80469821,49.40333376,741539411.1,19186312732
Feb-19-2022,50.8221928,52.64930921,50.31961582,50.50251006,848777369.8,20026215195
Feb-18-2022,50.33745101,51.73968389,49.62315853,50.8221928,961303865.5,19967804375
Feb-17-2022,56.14196216,56.75483431,50.33745101,50.33745101,744436921.6,21633986866
Feb-16-2022,56.77257486,57.69010761,55.72596539,56.14196216,725579153.6,22425295789
Feb-15-2022,53.88677944,56.77257486,53.88677944,56.77257486,950132879.8,22181887873
Feb-14-2022,51.84318699,54.41995245,51.84318699,53.88677944,773521883,21055341032
Feb-13-2022,52.09787003,53.5848742,51.21201806,51.84318699,801879032,21007881988
Feb-12-2022,50.42208243,52.93450488,50.08074181,52.09787003,1152188639,20617450170
Feb-11-2022,52.2674506,54.60489513,50.42208243,50.42208243,1457479188,21317040954
Feb-10-2022,57.34245332,57.34245332,52.2674506,52.2674506,1331427541,22360633742
Feb-09-2022,57.34682234,57.7516859,54.88913417,57.34245332,1514046521,22712570887
Feb-08-2022,59.60722548,59.6521966,55.61574091,57.34682234,2059961952,23025962813
Feb-07-2022,56.162633,60.44960121,54.85950025,59.60722548,1573675251,23105263474
Feb-06-2022,55.48483663,57.08703453,53.87448758,56.162633,1397302689,22158471482
Feb-05-2022,53.80897837,57.64626281,53.80897837,55.48483663,2199777010,22504499855
Feb-04-2022,51.0286291,53.80897837,49.50392733,53.80897837,1748199484,20553086402
Feb-03-2022,47.72283214,51.0286291,47.41813902,51.0286291,1619765580,19504182900
Feb-02-2022,52.11405772,53.41734753,47.72283214,47.72283214,1506597560,20549484550
Feb-01-2022,52.13371664,53.7131194,50.98632787,52.11405772,2308640165,20934828107
Jan-31-2022,46.35656124,52.13371664,43.67125516,52.13371664,1934635523,19035517856
Jan-30-2022,50.88067999,51.08925596,45.7739193,46.35656124,1625412006,19760462720
Jan-29-2022,50.66232266,53.29355616,50.54748571,50.88067999,2874516773,20802434046
Jan-28-2022,54.34137284,54.96682821,48.20239129,50.66232266,2922127018,20600755465
Jan-27-2022,59.10390289,60.68478616,53.30053369,54.34137284,2698374572,23240234747
Jan-26-2022,62.98297143,64.98408061,58.40178328,59.10390289,2438214452,25273559015
Jan-25-2022,66.24203958,66.35667705,62.19521311,62.98297143,3514190504,25970270018
Jan-24-2022,69.83052438,69.83052438,60.37010819,66.24203958,3360842386,26148984129
Jan-23-2022,62.8047114,69.83052438,62.8047114,69.83052438,4002941926,27114009498
Jan-22-2022,64.57645487,65.72210284,55.80990815,62.8047114,4883184511,25134443049
Jan-21-2022,77.07080517,80.01338372,63.12209922,64.57645487,3003574181,26518938968
Jan-20-2022,81.22241232,84.85507279,77.07080517,77.07080517,1801789258,29296601369
Jan-19-2022,80.52049507,81.77129245,76.11974306,81.22241232,2091236786,28393018232
Jan-18-2022,77.31296686,80.99649173,74.47856352,80.52049507,1906511704,27699312450
Jan-17-2022,87.00733969,87.00733969,76.87913726,77.31296686,1385182628,29384393111
Jan-16-2022,87.6574288,87.6574288,85.07697976,87.00733969,1516066665,30897108660
Jan-15-2022,81.627882,87.6574288,80.95021379,87.6574288,1496353363,29964547138
Jan-14-2022,78.26015799,83.03114976,77.72193536,81.627882,2152680021,28695424711
Jan-13-2022,82.29306928,83.69958987,78.26015799,78.26015799,2425775332,29007934971
Jan-12-2022,73.63561252,82.29306928,72.80856355,82.29306928,2117973158,27497572723
Jan-11-2022,69.39459132,74.37194196,68.81515258,73.63561252,2487761607,25792035634
Jan-10-2022,74.63584878,74.63584878,68.08404187,69.39459132,2390486253,25359750132
Jan-09-2022,66.97919866,75.14583823,66.97919866,74.63584878,2359962528,25584733799
Jan-08-2022,68.88043797,71.60778343,63.39979114,66.97919866,2277575301,24635839599
Jan-07-2022,78.62158784,78.62158784,68.88043797,68.88043797,2759717090,25795964947
Jan-06-2022,78.84391443,79.85905063,75.22772153,78.62158784,2474238944,27793466066
Jan-05-2022,84.80370725,86.80784611,77.04752227,78.84391443,1452860220,30211821666
Jan-04-2022,88.94919079,89.3864384,84.80370725,84.80370725,1644219614,31610914709
Jan-03-2022,89.48747825,94.08114527,88.94919079,88.94919079,1380559239,33194181708
Jan-02-2022,91.85407381,92.09831837,89.08791819,89.48747825,1354808454,32642015540
Jan-01-2022,85.48647032,91.85407381,85.48647032,91.85407381,1653623025,32114808352
Dec-31-2021,84.69215312,90.43295932,84.69215312,85.48647032,1837270916,31621513647
Dec-30-2021,84.49409569,87.27258158,81.5519671,84.69215312,2390320483,30690135183
Dec-29-2021,85.52957631,87.46970677,84.05956285,84.49409569,2647505983,31152110554
Dec-28-2021,90.92074507,93.10006502,84.72189487,85.52957631,3222880272,32494074692
Dec-27-2021,99.81541788,103.2242004,90.92074507,90.92074507,2480857327,35445559925
Dec-26-2021,98.54672901,100.5709306,96.37848651,99.81541788,2502024858,35877005695
Dec-25-2021,95.90384576,100.104696,95.88345857,98.54672901,3002214195,35672345299
Dec-24-2021,93.86455947,100.5119626,93.86455947,95.90384576,4087442228,35870471396
Dec-23-2021,85.60961567,94.6146731,85.30118135,93.86455947,4428520509,32950696917
Dec-22-2021,87.25684386,97.89890816,85.60961567,85.60961567,3725741615,34049936302
Dec-21-2021,81.67928922,88.98351306,81.14913078,87.25684386,3434721341,31326469194
Dec-20-2021,78.44471687,81.67928922,73.90545059,81.67928922,3156185129,29103129480
Dec-19-2021,73.71220915,78.44471687,72.62599537,78.44471687,2071185826,27778631857
Dec-18-2021,65.88089378,73.71220915,62.85768406,73.71220915,1985872043,25688603326
Dec-17-2021,64.31256514,67.6209097,61.21309252,65.88089378,1854461121,24368202667
Dec-16-2021,61.58109593,67.46546881,61.38892304,64.31256514,2033418154,24235788985
Dec-15-2021,59.97335227,63.45844244,55.50557888,61.58109593,2204873440,22087721690
Dec-14-2021,53.199214,59.97335227,53.199214,59.97335227,2148037694,21363929687
Dec-13-2021,62.21233129,62.21233129,53.199214,53.199214,1470975481,21929154040
Dec-12-2021,59.72953529,62.21233129,58.29208097,62.21233129,1543374162,22708945790
Dec-11-2021,61.03243151,63.21963979,58.56738324,59.72953529,2321341059,23477643762
Dec-10-2021,66.80994314,71.39409862,61.03243151,61.03243151,2652938436,25560876104
Dec-09-2021,74.64320834,76.08978816,66.4028689,66.80994314,2945060573,27239042749
Dec-08-2021,69.14110221,74.64320834,65.34502496,74.64320834,2713978317,26545029718
Dec-07-2021,66.92067039,73.42107708,65.93144891,69.14110221,3498167481,26558754538
Dec-06-2021,68.04112355,68.04112355,61.10525636,66.92067039,4192161411,24700338970
Dec-05-2021,75.95019043,77.36631204,67.65905149,68.04112355,5324183891,27767530454
Dec-04-2021,64.14239753,75.95019043,53.64425796,75.95019043,3747008142,23808452257
Dec-03-2021,65.80785091,69.65546174,64.14239753,64.14239753,2290544846,26261830810
Dec-02-2021,64.31780963,65.80785091,61.57766729,65.80785091,2457884875,24759609000
Dec-01-2021,59.12613941,64.31780963,55.69648393,64.31780963,2271067633,23224646815
Nov-30-2021,51.65831567,59.12613941,50.93985896,59.12613941,1768947081,21565943165
Nov-29-2021,50.03546853,52.68083005,47.95705496,51.65831567,1684314827,19586818252
Nov-28-2021,43.4467968,50.03546853,42.70532453,50.03546853,1396837164,18206086229
Nov-27-2021,40.87412596,44.23966469,40.87412596,43.4467968,1128855938,16973819461
Nov-26-2021,43.54121074,44.16871216,38.50616034,40.87412596,1086964865,16643683208
Nov-25-2021,38.5758818,43.54121074,38.5758818,43.54121074,712635426,16370864408
Nov-24-2021,42.82394086,42.82394086,38.05543898,38.5758818,605883482.3,16041775786
Nov-23-2021,41.03594562,43.04621709,40.46321907,42.82394086,603323704.4,16580640251
Nov-22-2021,44.03531371,44.03531371,40.60398712,41.03594562,646461120.5,16607184353
Nov-21-2021,45.46987892,45.46987892,43.03642569,44.03531371,579515687.5,17544762485
Nov-20-2021,42.74275057,45.46987892,41.85480051,45.46987892,619750967.8,17364840411
Nov-19-2021,40.29054794,43.49583368,39.78855083,42.74275057,1232524596,17161024458
Nov-18-2021,43.33315416,44.95795712,40.14650441,40.29054794,1084938198,17771166464
Nov-17-2021,43.44005922,43.83459098,41.5996827,43.33315416,1079542045,18306102625
Nov-16-2021,48.3360117,48.3360117,42.51741225,43.44005922,893583201.1,19706305794
Nov-15-2021,51.28901253,51.45002227,48.3360117,48.3360117,393371991.9,22368170002
Nov-14-2021,52.22219085,52.40031259,49.56926403,51.28901253,466319032.9,23169091204
Nov-13-2021,49.81587946,52.74138492,48.70168616,52.22219085,591999502.1,23255145782
Nov-12-2021,50.65814951,50.74029949,47.29702648,49.81587946,734976693.9,23091664962
Nov-11-2021,48.87249031,51.56919459,48.47683567,50.65814951,1418228352,24154268608
Nov-10-2021,50.36044983,53.92040008,47.45198724,48.87249031,808545373.1,24078835001
Nov-09-2021,54.19992592,54.19992592,50.36044983,50.36044983,853929237.2,20880741479
Nov-08-2021,50.77714279,54.72892959,50.07648669,54.19992592,650393651,20705607794
Nov-07-2021,51.15781909,52.49085224,50.7470004,50.77714279,588185718.5,20572330291
Nov-06-2021,50.08931974,51.17994424,48.01918632,51.15781909,682596554.8,19857382562
Nov-05-2021,52.08980482,52.42515734,49.13247171,50.08931974,1289454656,20260257531
Nov-04-2021,48.0216948,52.08980482,46.5143022,52.08980482,1286014602,19446618876
Nov-03-2021,44.80580099,48.94884794,44.1257273,48.0216948,906193397.6,18594470917
Nov-02-2021,44.15902037,45.21059063,43.03071978,44.80580099,510323707.7,17660483779
Nov-01-2021,42.93503282,44.15902037,41.68582879,44.15902037,493432512.8,17184048628
Oct-30-2021,43.46473047,43.52078285,41.65192604,42.93503282,440047412.9,17035082364
Oct-29-2021,45.72353666,45.72353666,43.13745971,43.46473047,596313565.9,17581461681
Oct-28-2021,42.92102421,45.77063032,42.52291328,45.72353666,807021500,17620474973
Oct-27-2021,40.01183123,43.37533465,39.91283451,42.92102421,1019424362,16658536975
Oct-26-2021,44.00437628,44.35286571,39.97014089,40.01183123,1353595093,16735141844
Oct-25-2021,42.73104707,46.91525295,42.73104707,44.00437628,844234097.6,17933525252
Oct-24-2021,41.67642223,43.62240718,41.67642223,42.73104707,720847141.4,17230746557
Oct-23-2021,43.41146076,43.41146076,40.26494361,41.67642223,592338898.8,16778965802
Oct-22-2021,44.00992001,44.00992001,42.07875339,43.41146076,1238820754,17258454854
Oct-21-2021,40.86763767,45.25493628,40.86763767,44.00992001,1431699494,17478964875
Oct-20-2021,42.80153958,43.2668395,39.79871041,40.86763767,1543690641,16673252194
Oct-19-2021,37.86122525,43.88952584,37.77879141,42.80153958,856115723.1,16010497342
Oct-18-2021,35.80919579,37.86684927,35.60253376,37.86122525,477553137.3,14595612851
Oct-17-2021,36.18257463,37.22070824,35.54840826,35.80919579,527398682.1,14571562508
Oct-16-2021,36.75482539,37.37193096,35.32486316,36.18257463,461381897.4,14749094556
Oct-15-2021,37.15049233,38.42983166,36.63242052,36.75482539,656703371.7,14973059220
Oct-14-2021,37.14258923,37.81993679,36.5626016,37.15049233,912939157.2,14937203328
Oct-13-2021,36.76987009,39.4374008,36.56915277,37.14258923,981023112.4,15224446315
Oct-12-2021,37.58846312,38.80699988,35.89555504,36.76987009,1044993112,14818259967
Oct-11-2021,39.00169327,39.00169327,35.72697093,37.58846312,1005506937,15043375769
Oct-10-2021,39.23614819,40.64374825,37.93906942,39.00169327,763356486.6,15873134517
Oct-09-2021,42.60844272,43.14300507,39.23614819,39.23614819,632234277.3,16819063880
Oct-08-2021,43.34941074,44.22092524,42.24059292,42.60844272,827143408.2,17508019079
Oct-07-2021,46.31780701,48.22162143,43.34941074,43.34941074,1499407026,18354665976
Oct-06-2021,42.01617031,46.78864243,41.36820616,46.31780701,1421646540,17854274246
Oct-05-2021,44.89023909,44.89023909,41.09729056,42.01617031,1278466771,17313278319
Oct-04-2021,46.76202811,46.76202811,44.15095767,44.89023909,1926766080,18164765658
Oct-03-2021,42.91526267,48.98192963,42.05448337,46.76202811,2010306300,18429297234
Oct-02-2021,41.58672365,45.73118029,41.58672365,42.91526267,2106918653,17487520670
Oct-01-2021,37.7967922,42.80770018,37.29140976,41.58672365,1100568398,15716146415
Sep-30-2021,38.31326588,39.70954101,36.86358447,37.7967922,1088355500,15273173867
Sep-29-2021,34.14879074,38.58496055,34.14879074,38.31326588,968499922.8,14389376826
Sep-28-2021,33.05181689,35.79364529,33.05181689,34.14879074,1131570010,13837951482
Sep-27-2021,36.66779779,37.10124264,33.05181689,33.05181689,1415166709,14169450929
Sep-26-2021,34.56653153,39.14289132,34.56653153,36.66779779,1374471329,14855156378
Sep-25-2021,38.0831271,38.0831271,33.91095678,34.56653153,1472694592,14382489024
Sep-24-2021,40.11594147,40.11594147,36.83367501,38.0831271,2472819429,15264268988
Sep-23-2021,36.34988203,40.83186426,33.26830242,40.11594147,1980429510,14603514142
Sep-22-2021,33.21952434,36.41048599,32.96544452,36.34988203,1565470693,13864884674
Sep-21-2021,25.10096267,33.21952434,25.10096267,33.21952434,1371202086,11344677584
Sep-20-2021,27.41649651,29.2115366,25.07408678,25.10096267,1544296450,10988116319
Sep-19-2021,33.05396966,33.05396966,27.41649651,27.41649651,1230187476,11935922167
Sep-18-2021,34.92873589,36.26330972,32.74930179,33.05396966,751292415,14065433540
Sep-17-2021,34.51959303,35.89419172,34.44695047,34.92873589,775552139.5,14165275226
Sep-16-2021,37.55394296,38.65013333,34.37796254,34.51959303,1311536046,14371799285
Sep-15-2021,36.64822334,38.84141053,35.57248955,37.55394296,940738601.3,14947747702
Sep-14-2021,35.60611264,37.31555109,35.1608704,36.64822334,918228077.8,14675063684
Sep-13-2021,37.23662315,37.60254116,35.11652202,35.60611264,1113275734,14597787060
Sep-12-2021,39.37775577,39.37775577,35.26820508,37.23662315,1499861681,14807545701
Sep-11-2021,39.1442357,42.91014521,37.87629839,39.37775577,1913363171,16229355148
Sep-10-2021,43.82316907,43.82316907,38.38141183,39.1442357,3920406994,16334996782
Sep-09-2021,30.46046232,43.82316907,30.46046232,43.82316907,2271474345,14671172545
Sep-08-2021,29.38731892,31.05766633,28.70425231,30.46046232,1415326196,12023901578
Sep-07-2021,27.88578137,30.70539333,25.85098013,29.38731892,1766791917,11440221598
Sep-06-2021,32.43198471,32.43198471,26.04855912,27.88578137,1024968480,11825611335
Sep-05-2021,34.4364875,34.80722369,31.60626191,32.43198471,942418542.7,13158979191
Sep-04-2021,31.37288109,35.1491978,31.36884188,34.4364875,531745633.8,13151561288
Sep-03-2021,31.72754016,32.39279866,31.21638553,31.37288109,580384653.1,12708130102
Sep-02-2021,32.88636008,33.34935922,31.29152079,31.72754016,866362986.1,13055613565
Sep-01-2021,31.68872233,33.75050357,31.39193622,32.88636008,774761735.5,12949728466
Aug-31-2021,31.72712022,32.38749622,30.79025119,31.68872233,984661091.1,12654654922
Aug-30-2021,33.43036838,34.19836289,31.27508523,31.72712022,1289376956,13312469066
Aug-29-2021,33.34683757,35.72000192,32.79359864,33.43036838,1198939201,13704095065
Aug-28-2021,34.95401333,36.47450781,33.34683757,33.34683757,1640846220,13950037940
Aug-27-2021,32.63522744,35.17413986,30.80757844,34.95401333,1354816284,13205351936
Aug-26-2021,27.35725986,32.69127137,27.08750994,32.63522744,1401556422,12250113574
Aug-25-2021,30.08439907,30.08439907,26.64699712,27.35725986,927872126.2,11151000854
Aug-24-2021,29.87613849,30.83781106,28.74473852,30.08439907,1663148607,12130281056
Aug-23-2021,29.69620908,34.13110285,29.69620908,29.87613849,1848587943,13089149761
Aug-22-2021,27.66100422,29.69620908,27.56843049,29.69620908,892792965.5,11603256712
Aug-21-2021,27.56847169,28.45444186,26.59053783,27.66100422,754154004.2,11172954177
Aug-20-2021,30.57603146,30.57603146,27.3699672,27.56847169,988315507.8,11746368541
Aug-19-2021,29.60249821,31.34542956,28.92796553,30.57603146,1445227272,12112582961
Aug-18-2021,31.10765099,32.74606378,29.1919183,29.60249821,2662672285,12463588544
Aug-17-2021,25.04166894,31.10765099,23.52320306,31.10765099,2043334463,10845396499
Aug-16-2021,21.96391405,26.37177223,21.22848398,25.04166894,1746957219,10222127411
Aug-15-2021,19.25789843,23.44071522,19.25789843,21.96391405,1070258963,8729096164
Aug-14-2021,17.34829875,19.42835256,16.56527435,19.25789843,264065949.6,7207014489
Aug-13-2021,17.74216994,17.74216994,16.91795445,17.34829875,280290936.5,7166712109
Aug-12-2021,16.59788903,17.74216994,16.59788903,17.74216994,366017456.1,7088462903
Aug-11-2021,17.10753926,17.10753926,15.96608938,16.59788903,485377658,6818185318
Aug-10-2021,16.70067867,17.43876396,16.60404066,17.10753926,668735056.7,7033702707
Aug-09-2021,13.95506778,16.70067867,13.79216699,16.70067867,456982412.3,6138078164
Aug-08-2021,13.42636057,14.25895872,13.14785241,13.95506778,384514835.7,5697822178
Aug-07-2021,14.61266186,14.61266186,13.20981564,13.42636057,397472820.5,5810196350
Aug-06-2021,14.52756648,15.4271166,14.19809045,14.61266186,454405107.4,6103374626
Aug-05-2021,14.56038583,15.16318271,14.16070424,14.52756648,462267067.3,6094417358
Aug-04-2021,14.55043997,15.06368969,13.89621453,14.56038583,654456457.6,6012781881
Aug-03-2021,14.7718567,15.37799213,13.66435917,14.55043997,892571259.1,6028986086
Aug-02-2021,12.39628647,14.7718567,11.90243079,14.7718567,600471582.7,5469143282
Aug-01-2021,11.86459342,12.39628647,11.2220135,12.39628647,473721249.7,4884941532
Jul-31-2021,10.84562611,11.86459342,10.69737437,11.86459342,324397013.2,4641893729
Jul-30-2021,10.85745771,11.15048926,10.63080066,10.84562611,404862493.8,4525339469
Jul-29-2021,11.06050474,11.06050474,10.06784819,10.85745771,413251132.5,4386270849
Jul-28-2021,11.03423307,11.56277756,10.72897041,11.06050474,652154448.6,4607673994
Jul-27-2021,9.40409769,11.03423307,9.188925732,11.03423307,436827217.8,4044139564
Jul-26-2021,8.484227494,9.49715163,8.078174357,9.40409769,435113426.5,3693190852
Jul-25-2021,8.272526393,9.42319007,8.272526393,8.484227494,436884042.7,3759073153
Jul-24-2021,8.476155164,8.476155164,7.882121908,8.272526393,333555335.5,3410324533
Jul-23-2021,7.868816698,8.476155164,7.66374025,8.476155164,295661718.2,3330216151
Jul-22-2021,7.355633744,7.868816698,7.052883481,7.868816698,244613664.2,3044990140
Jul-21-2021,6.665604533,7.451969956,6.648133738,7.355633744,228880953.2,2968562298
Jul-20-2021,5.900394823,6.665604533,5.750870595,6.665604533,143829710.7,2637381866
Jul-19-2021,6.009734112,6.027006655,5.629222484,5.900394823,125863794.8,2446575354
Jul-18-2021,6.611536624,6.611536624,5.969399424,6.009734112,102622823,2612812094
Jul-17-2021,6.493154217,6.815353483,6.493154217,6.611536624,112709965.7,2796236336
Jul-16-2021,6.559286546,6.755471056,6.305193972,6.493154217,189696224.5,2712570118
Jul-15-2021,6.605979491,6.962395235,6.245206548,6.559286546,177351658,2788000577
Jul-14-2021,6.937528687,7.178532071,6.600354666,6.605979491,231876769.6,2872524215
Jul-13-2021,7.103308674,7.328742919,6.730519186,6.937528687,296375139.2,2941109490
Jul-12-2021,7.927899769,8.022393112,7.040248449,7.103308674,197679968.2,3186754537
Jul-11-2021,8.427338584,8.427338584,7.65285765,7.927899769,225246639.5,3382644492
Jul-10-2021,7.932847266,8.617702258,7.932847266,8.427338584,322819077.7,3505026996
Jul-09-2021,8.17037969,8.522221596,7.632713069,7.932847266,418014346.1,3342695954
Jul-08-2021,6.714986654,8.316745253,6.464037727,8.17037969,351045134.7,3148470263
Jul-07-2021,7.124462116,7.124462116,6.502681974,6.714986654,290475829.8,2840155927
Jul-06-2021,6.511973274,7.618529535,6.511973274,7.124462116,311531499.7,2995827719
Jul-05-2021,6.149846972,6.511973274,6.105109129,6.511973274,158419053.6,2613516850
Jul-04-2021,5.966760731,6.149846972,5.687012606,6.149846972,104618463.9,2444127410
Jul-03-2021,5.822932103,6.238548454,5.733055118,5.966760731,78738557.1,2494786967
Jul-02-2021,5.749481827,5.97854861,5.643282476,5.822932103,66929979.86,2433804673
Jul-01-2021,5.922736715,6.047109974,5.568510967,5.749481827,113726830.4,2387798173
Jun-30-2021,6.544585843,6.544585843,5.818446481,5.922736715,186024923.5,2524062185
Jun-29-2021,5.981519428,6.582849908,5.779353382,6.544585843,163080534.6,2544225445
Jun-28-2021,5.542342683,6.263142621,5.425757801,5.981519428,127022282.7,2449745422
Jun-27-2021,5.41729166,5.653860211,5.250727139,5.542342683,70209591.16,2249696162
Jun-26-2021,5.190592493,5.41729166,5.105921295,5.41729166,66646550,2178731510
Jun-25-2021,5.158709724,5.269779362,4.93197343,5.190592493,112099348.6,2129113618
Jun-24-2021,5.4409524,5.559271109,4.92172866,5.158709724,103935027.3,2196793745
Jun-23-2021,5.197776725,5.475258895,5.025837315,5.4409524,159319446,2222352340
Jun-22-2021,4.678756708,5.694155098,4.678756708,5.197776725,263016729.9,2197297454
Jun-21-2021,4.842322378,5.459607386,4.578555462,4.678756708,198046348,2072407390
Jun-20-2021,5.870876544,5.870876544,4.842322378,4.842322378,124799154.7,2248830768
Jun-19-2021,5.752889069,5.903480639,5.508316412,5.870876544,84488504.65,2393895542
Jun-18-2021,5.917156051,6.005517455,5.689502169,5.752889069,125122759.7,2438926376
Jun-17-2021,6.163854713,6.505961683,5.727665923,5.917156051,154928695.2,2550637102
Jun-16-2021,6.158882197,6.410783438,6.085843422,6.163854713,131302671.8,2607383304
Jun-15-2021,6.649213227,6.649213227,5.993510104,6.158882197,206324497.6,2625694807
Jun-14-2021,6.2333745,6.79369104,6.111372761,6.649213227,192647880,2715051508
Jun-13-2021,6.075400507,6.301032547,5.886666643,6.2333745,142339782.1,2526059359
Jun-12-2021,5.49009741,6.13600312,5.412508328,6.075400507,127242825.4,2356382008
Jun-11-2021,5.500842504,5.83580938,5.208020869,5.49009741,179388678.6,2349665091
Jun-10-2021,6.113366755,6.308032514,5.500842504,5.500842504,252618601.6,2475574560
Jun-09-2021,6.02645423,6.393298854,5.666467661,6.113366755,256545746,2507416623
Jun-08-2021,5.583891953,6.02645423,5.344400268,6.02645423,234688397.7,2348790153
Jun-07-2021,5.533924294,5.697165575,5.05600219,5.583891953,295906919.9,2279302668
Jun-06-2021,6.237181323,6.622410986,5.533924294,5.533924294,167929194.7,2613114101
Jun-05-2021,6.047147742,6.304883886,6.047147742,6.237181323,230528749.9,2571556307
Jun-04-2021,6.452377976,6.835522362,5.94236407,6.047147742,358397420.8,2646924914
Jun-03-2021,7.599816085,7.599816085,6.080081342,6.452377976,561107809.7,2701682145
Jun-02-2021,6.939403066,7.7057118,6.763111425,7.599816085,344226279.1,2959342548
Jun-01-2021,6.218325441,7.168001539,6.121893292,6.939403066,232898487.8,2760006004
May-31-2021,6.574219722,6.63780614,6.167810753,6.279605472,306667770.4,2596566591
May-30-2021,6.298618002,6.574219722,5.672314083,6.574219722,364644608.5,2489194214
May-29-2021,5.412453171,6.526625997,5.223548864,6.298618002,280779300.1,2414252001
May-28-2021,5.910004568,6.026679174,5.238331158,5.412453171,352857988.2,2301519629
May-27-2021,6.643008459,6.763429202,5.604708527,5.910004568,431848465.3,2462612998
May-26-2021,7.2766457,7.2766457,6.531516209,6.643008459,598103503.8,2781097309
May-25-2021,6.791218706,7.881143527,6.54260285,7.2766457,861775704.8,2864481632
May-24-2021,6.714260054,6.791218706,5.563268913,6.791218706,1069703062,2496205461
May-23-2021,4.27474731,7.291317819,4.27474731,6.714260054,1080731342,2322690352
May-22-2021,6.700755143,6.957774693,3.98657186,4.27474731,479534570.1,2063072886
May-21-2021,8.183209998,8.183209998,6.700755143,6.700755143,483646951.1,2840399559
May-20-2021,10.55002188,11.41857723,7.855195002,8.183209998,603079353.7,3681111078
May-19-2021,10.08465309,11.08986442,8.754387933,10.55002188,829472694.1,3792063739
May-18-2021,15.77339818,15.77339818,10.08465309,10.08465309,693003642,4933471655
May-17-2021,14.88758885,16.09000556,14.67931481,15.77339818,373119129.8,5855561024
May-16-2021,16.28731073,16.28731073,14.75610078,14.88758885,605807090.3,5890004433
May-15-2021,15.09647693,17.23593041,15.09647693,16.28731073,423635679,6176529917
May-14-2021,16.42652552,16.42652552,15.09647693,15.09647693,340848935.4,6071882747
May-13-2021,15.86020369,16.81497977,15.32290153,16.42652552,550372178.3,6150842988
May-12-2021,14.81737699,16.58960558,14.80325069,15.86020369,878412789.4,5980184608
May-11-2021,16.25383578,17.60417519,14.81737699,14.81737699,443438267.1,6439251490
May-10-2021,15.96000358,16.40173997,15.55210135,16.25383578,484734983.1,6160507571
May-09-2021,16.99904551,17.96243892,15.89752565,15.96000358,456251759.4,6534331690
May-08-2021,16.97567272,17.30923416,16.74795648,16.99904551,308431538.6,6568133432
May-07-2021,16.63978611,17.02479527,16.5948353,16.89432127,282606649.7,6501473853
May-06-2021,16.74735567,16.92033476,16.45546507,16.63978611,344520970.4,6471757701
May-05-2021,17.0323537,17.34543879,16.42679287,16.74735567,429618146.5,6525230646
May-04-2021,16.2372516,17.53901122,16.2372516,17.0323537,518061625.4,6654202942
May-03-2021,17.20448525,17.36097754,16.16547647,16.2372516,636596123.4,6520839953
May-02-2021,17.16873302,18.81137414,17.16873302,17.20448525,583542477.2,7013015622
May-01-2021,16.54006841,17.52587387,16.52438062,17.16873302,270077900.6,6653185351
Apr-30-2021,16.67720262,16.79958008,16.43301006,16.54006841,235108038.1,6474946899
Apr-29-2021,16.25484654,17.06913628,16.02430755,16.67720262,341180142.1,6511925631
Apr-28-2021,16.83338627,16.87705186,16.075347,16.25484654,390145783.4,6453290289
Apr-27-2021,17.72189172,17.8223763,16.67878637,16.83338627,546242148.9,6804626125
Apr-26-2021,17.63632495,19.17997598,17.42034598,17.72189172,639345065,7085510973
Apr-25-2021,17.74807175,17.98078869,17.13677416,17.63632495,875892884.9,6603939847
Apr-24-2021,15.69622474,18.43188713,15.69622474,17.74807175,770363452.8,6339165615
Apr-23-2021,13.92248542,16.25256862,13.72918573,15.69622474,457732233.9,5510050697
Apr-22-2021,13.6995831,13.98645287,12.99678512,13.92248542,823456507.6,5077018046
Apr-21-2021,13.33479008,15.35479823,13.02583048,13.6995831,541827512.6,5356802831
Apr-20-2021,13.43414651,14.31845193,13.28260764,13.33479008,420249076.8,5212436466
Apr-19-2021,13.91817962,13.91817962,12.79512141,13.43414651,609828535,5065168957
Apr-18-2021,13.41323565,15.97024177,13.41323565,13.91817962,630488018.9,5426054010
Apr-17-2021,15.20966262,15.20966262,12.29841528,13.41323565,539961781.6,5078297448
Apr-16-2021,15.78904359,16.14632676,15.20966262,15.20966262,384497221.8,5947793494
Apr-15-2021,16.86453879,16.86453879,15.70543208,15.78904359,475116036.9,6139660668
Apr-14-2021,15.22708003,17.22844474,15.07748173,16.86453879,391781457.8,6080113127
Apr-13-2021,15.65432917,15.95686139,15.15908105,15.22708003,450922753.6,5919889249
Apr-12-2021,14.68914093,16.36907619,14.68914093,15.65432917,399207888.8,5933093652
Apr-11-2021,15.08702833,15.15727616,14.50812038,14.68914093,219818264.5,5663324727
Apr-10-2021,15.4817471,15.51442794,15.05469497,15.08702833,217439391.1,5841003961
Apr-09-2021,15.62216372,15.83670756,14.85456349,15.4817471,327835269.5,5948475163
Apr-08-2021,15.76244781,16.87846941,15.61662328,15.62216372,362662468.9,6279405550
Apr-07-2021,15.44786141,16.06295156,15.24416335,15.76244781,349420748.9,6016768357
Apr-06-2021,16.73306452,16.73306452,15.03130879,15.44786141,402043861,6066508648
Apr-05-2021,17.52145338,17.52145338,16.59681555,16.73306452,301736995,6562297305
Apr-04-2021,18.17649324,18.30850453,17.52145338,17.52145338,210729126,6957802203
Apr-03-2021,17.96063216,18.48400298,17.96063216,18.17649324,203085108.5,7071808989
Apr-02-2021,18.44201296,18.65762627,17.96063216,17.96063216,226090495.3,7147556328
Apr-01-2021,18.42099842,19.05297197,18.35194508,18.44201296,437226466.3,7266729167
Mar-31-2021,18.73636712,18.91583633,18.01714345,18.42099842,401997130.2,7228024095
Mar-30-2021,18.61656608,19.47082096,17.99105924,18.69571655,483047079.6,7318503977
Mar-29-2021,18.77074012,19.01445332,18.21538067,18.64234753,322873556.5,7331521796
Mar-28-2021,18.53526523,19.37155561,18.27180088,18.77074012,281386874.3,7405007297
Mar-28-2021,18.62256541,19.09142451,18.00521818,18.53526523,275358414,7373375814
Mar-27-2021,18.42055049,18.97255209,18.03827833,18.79940403,381528018.1,7357103794
Mar-26-2021,16.47810456,18.84677712,16.46650783,18.42055049,605149021.4,7275066094
Mar-25-2021,16.50512151,17.09507341,15.95152452,16.47810456,736820420.2,6577978097
Mar-24-2021,16.08683464,18.60975928,15.89470708,16.50512151,846384299.9,7031009072
Mar-23-2021,19.3963442,19.71891796,16.08683464,16.08683464,655205588.3,7579344475
Mar-22-2021,21.88709296,22.03099725,19.23746805,19.3963442,567594440,8586390050
Mar-21-2021,20.98215498,22.35703287,20.98215498,21.88709296,625326214.3,8847971684
Mar-20-2021,19.93777177,21.28133952,19.93777177,20.98215498,606740554,8463897314
Mar-19-2021,19.12204308,21.52025214,18.62493871,19.93777177,973738762.9,8281706008
Mar-18-2021,18.58821594,19.42539952,17.95874679,19.12204308,902839570.5,7370424152
Mar-17-2021,20.02430488,20.02430488,17.48567131,18.58821594,1584123504,7685877692
Mar-16-2021,16.31728064,20.55418002,16.31728064,20.02430488,1264982445,7380070401
Mar-15-2021,16.04824826,16.3703205,14.6840948,16.31728064,830091817,6303291233
Mar-14-2021,14.51990612,16.52067388,14.08621913,16.04824826,770475414.4,6270675368
Mar-13-2021,14.13301401,14.51990612,12.844077,14.51990612,734803548.6,5390680043
Mar-12-2021,10.78355823,14.13301401,10.65610454,14.13301401,638134124.9,4993592376
Mar-11-2021,11.12313734,11.21244121,10.54159894,10.78355823,442089556.4,4282354369
Mar-10-2021,11.77473157,11.77473157,10.95968937,11.12313734,717938978.5,4487356208
Mar-09-2021,9.615627181,11.83009387,9.615627181,11.77473157,809122660.8,4406514433
Mar-08-2021,8.289230191,9.644645044,8.146236208,9.615627181,338069926.8,3525431339
Mar-07-2021,8.285192879,8.289230191,7.841196026,8.289230191,294510441.7,3264668300
Mar-06-2021,8.513658355,8.828827705,8.185187949,8.285192879,579216039.8,3445464566
Mar-05-2021,7.52609357,8.72472077,7.086114438,8.513658355,549372339.2,3199432472
Mar-04-2021,7.247272048,7.951442103,7.15594153,7.52609357,541506071.4,3072096175
Mar-03-2021,6.497620615,8.074777491,6.497620615,7.247272048,393744535.6,2905375649
Mar-02-2021,6.741395925,6.741395925,6.261544064,6.497620615,303347600.3,2622092261
Mar-01-2021,5.37208785,6.741395925,5.37208785,6.741395925,239791525.4,2424700438
Feb-28-2021,5.901520371,5.986431415,5.062536785,5.37208785,172969209.2,2235982304
Feb-27-2021,5.896750343,6.348119674,5.83762501,5.901520371,172668434.3,2477124460
Feb-26-2021,5.969359461,6.301040806,5.655388452,5.896750343,281667587.8,2499350665
Feb-25-2021,6.687352442,6.937847476,5.969359461,5.969359461,323398514.8,2799684209
Feb-24-2021,6.704321313,7.58765797,6.474578628,6.687352442,582987873.5,2965460264
Feb-23-2021,7.043534262,7.043534262,6.100148182,6.704321313,847449980.1,2747008151
Feb-22-2021,6.136736933,8.065398599,6.061394255,7.043534262,583907463.2,2977907877
Feb-21-2021,5.952543646,6.361263689,5.880707381,6.136736933,247935933.8,2648772826
Feb-20-2021,6.355632337,6.661201256,5.952543646,5.952543646,231395102.9,2750906561
Feb-19-2021,6.707594177,6.819532475,6.266477249,6.355632337,316069664.7,2833698842
Feb-18-2021,7.328700064,7.328700064,6.57374919,6.707594177,526298972.3,3045086862
Feb-17-2021,6.463981913,7.392127617,5.868612545,7.328700064,506388026.4,2882891771
Feb-16-2021,5.439747146,6.601641236,5.439747146,6.463981913,286414759.8,2684858277
Feb-15-2021,5.667753373,5.773972525,5.052242207,5.439747146,287791932.9,2474635015
Feb-14-2021,5.597498853,6.034066435,5.418451008,5.667753373,237174507.2,2578593165
Feb-13-2021,5.832505076,5.960806007,5.459290555,5.597498853,309570599.6,2639723724
Feb-12-2021,5.589526892,6.081371336,5.476097718,5.832505076,473003720.2,2714503692
Feb-11-2021,6.096863893,6.331747036,5.550873595,5.589526892,477561239.4,2838825943
Feb-10-2021,6.480730332,6.911889943,5.847655732,6.096863893,1033362633,3049176717
Feb-09-2021,5.790133339,6.8536596,4.972871901,6.480730332,1425933776,2828910974
Feb-08-2021,3.049577457,5.968958541,3.049577457,5.790133339,512323197.7,1885619923
Feb-07-2021,2.682823113,3.096658145,2.509749939,3.049577457,179418882,1326230246
Feb-06-2021,2.904250125,2.95454818,2.666310437,2.682823113,166018781.3,1323991310
Feb-05-2021,2.650720019,2.917249186,2.650720019,2.904250125,338305648.5,1363840731
Feb-04-2021,2.111014187,2.743354659,2.011426142,2.650720019,288984141.7,1120704748
Feb-03-2021,2.344421337,2.480558731,2.05688806,2.111014187,375712273.2,1059427749
Feb-02-2021,1.802461578,2.344421337,1.802461578,2.344421337,248509416.6,965462541.3
Feb-01-2021,1.461545712,1.849741996,1.423120821,1.802461578,169430354.8,773278688.4
Jan-31-2021,1.430647836,1.490512416,1.37278735,1.461545712,89992720.58,692073766.7
Jan-30-2021,1.489085741,1.554378655,1.418172749,1.430647836,128624571.1,711717207.9
Jan-29-2021,1.50005103,1.635023667,1.45764596,1.489085741,271392132.4,742500034.7
Jan-28-2021,1.11999427,1.53301511,1.11999427,1.50005103,243276231.4,661335787.5
Jan-27-2021,1.226747981,1.226747981,1.11999427,1.11999427,283660764.2,566620164.6
Jan-26-2021,0.869542253,1.322699985,0.869542253,1.226747981,107984326.4,492361382.4
Jan-25-2021,0.907342089,0.937193968,0.869542253,0.869542253,27714919.17,439350456.8
Jan-24-2021,0.872476065,0.921788178,0.861597559,0.907342089,31103663.96,424222739.6
Jan-23-2021,0.805835844,0.877458584,0.805835844,0.872476065,25803450,405943567.6
Jan-22-2021,0.791197217,0.864698395,0.775601783,0.815211587,35652776.6,401665202.5
Jan-21-2021,0.905435434,0.905435434,0.791197217,0.791197217,24139476.07,415596894.2
Jan-20-2021,0.913334175,0.935157069,0.879226693,0.902291182,46422686.09,437488832.4
Jan-19-2021,0.796880848,0.975838063,0.793313516,0.913334175,49848861.01,439703569.3
Jan-18-2021,0.806440028,0.810152787,0.792404829,0.796880848,20686842.66,388306495.5
Jan-17-2021,0.754487252,0.825906605,0.75155796,0.806440028,24901056.56,380849827.6
Jan-16-2021,0.800631356,0.808640076,0.754487252,0.754487252,23487925.73,382644427.5
Jan-15-2021,0.834950547,0.845267848,0.756996163,0.800631356,28785829.01,389032537.3
Jan-14-2021,0.823695902,0.885847972,0.805863078,0.834950547,35284397.43,406020121.9
Jan-13-2021,0.746630074,0.847092265,0.729638425,0.823695902,36893298.59,384765097
Jan-12-2021,0.733260984,0.832308716,0.715094023,0.746630074,55392574.26,372400170.1
Jan-11-2021,0.845517124,0.845517124,0.701813592,0.733260984,52454061.06,375214213.1
Jan-10-2021,0.81288521,0.873590546,0.81288521,0.845517124,28970205.25,411564948.9
Jan-09-2021,0.846007108,0.846007108,0.81288521,0.81288521,27635778.63,399395210.4
Jan-08-2021,0.859201077,0.886326817,0.827054164,0.846007108,57965390.2,411663986.3
Jan-07-2021,0.715582139,0.942769444,0.713995375,0.859201077,61606326.46,401968214
Jan-06-2021,0.715688133,0.72239763,0.700639621,0.715582139,27872330.29,346336868.9
Jan-05-2021,0.63952241,0.718076705,0.630036275,0.715688133,52821061.98,335755955.7
Jan-04-2021,0.659559424,0.714183998,0.626134128,0.651441816,54186764.16,324568491.4
Jan-03-2021,0.628325131,0.680058028,0.627901598,0.659559424,29452493.56,318163553.2
Jan-02-2021,0.646104673,0.647321438,0.625045005,0.628325131,20073964.22,307999046.2
Jan-01-2021,0.651790592,0.662458706,0.63395397,0.646104673,18525516.87,313773448.5
Dec-31-2020,0.67145299,0.679839512,0.633468676,0.651790592,29236478.77,317100571
Dec-30-2020,0.645110763,0.700146642,0.645110763,0.67145299,53689268.79,328418322.8
Dec-29-2020,0.618502516,0.6592688,0.61062137,0.645110763,48450726.76,305669879.3
Dec-28-2020,0.549641459,0.642260786,0.549641459,0.618502516,49737145.74,297852331.2
Dec-27-2020,0.544704293,0.565419106,0.524344091,0.549641459,23967138.07,266442246.5
Dec-26-2020,0.538124641,0.56914702,0.538124641,0.544704293,36758333.62,268916345
Dec-25-2020,0.52021632,0.563333373,0.517067017,0.538124641,57379614.73,260169666.4
Dec-24-2020,0.46097665,0.529970044,0.453553608,0.52021632,28434995.44,245015084.5
Dec-23-2020,0.509523222,0.514743682,0.458343292,0.46097665,17337765.69,237108885.3
Dec-22-2020,0.469338592,0.509523222,0.467976731,0.509523222,24299230.27,237191071.3
Dec-21-2020,0.487562667,0.517119696,0.45230161,0.469338592,27814507.49,233188459.4
Dec-20-2020,0.537315293,0.537315293,0.480317668,0.487562667,12478715.04,244013162.4
Dec-19-2020,0.532556207,0.542549333,0.525193861,0.537315293,16854658.49,253117812.2
Dec-18-2020,0.478876792,0.532556207,0.478876792,0.532556207,31166969.19,244045078.4
Dec-17-2020,0.501246343,0.530153882,0.478599785,0.478783263,30652288.02,238315451
Dec-16-2020,0.479004172,0.524127133,0.479004172,0.501246343,19490639.75,240733040.9
Dec-15-2020,0.472182258,0.476198272,0.468632241,0.476198272,7569798.725,222809571.8
Dec-14-2020,0.478691413,0.480455719,0.469575214,0.472182258,9632023.854,224202036.9
Dec-13-2020,0.482221508,0.482533063,0.476360007,0.478691413,7406097.379,226750983.5
Dec-12-2020,0.465648853,0.48458678,0.465639209,0.482221508,9838630.992,224579233.3
Dec-11-2020,0.475855388,0.483175591,0.459018995,0.465648853,14678368.91,222158842.7
Dec-10-2020,0.493005569,0.4954069,0.476004204,0.476004204,15095055.11,229766180.9
Dec-09-2020,0.472026284,0.509048563,0.470005587,0.493005569,28786660.52,233151066.6
Dec-08-2020,0.507598,0.526449069,0.470411463,0.472026284,20111564.53,241063007.8
Dec-07-2020,0.501824874,0.512656146,0.492253997,0.507598,12192283.39,237758948.4
Dec-06-2020,0.509040409,0.509603299,0.485896068,0.501824874,19609480.06,234752317.6
Dec-05-2020,0.451014832,0.509040409,0.447550454,0.509040409,32813061.18,228063592.7
Dec-04-2020,0.506414018,0.506414018,0.451014832,0.451014832,58246479.84,226748593.2
Dec-03-2020,0.406310055,0.506414018,0.406310055,0.506414018,25271231.84,212752240.7
Dec-02-2020,0.388319786,0.406310055,0.383718631,0.406310055,14610797.4,186556815.4
Dec-01-2020,0.398037646,0.422986749,0.385525878,0.388319786,18183103.79,190331873.1
Nov-30-2020,0.379987235,0.410057551,0.379987235,0.398037646,16559505.75,188167086.6
Nov-29-2020,0.385187027,0.385187027,0.375489295,0.379987235,4901681.899,179382872.4
Nov-28-2020,0.384376707,0.389181135,0.37855987,0.385187027,8487664.408,181457364.3
Nov-27-2020,0.349874227,0.386030406,0.349874227,0.384376707,19309716.59,175529968.8
Nov-26-2020,0.405996881,0.406108345,0.341124094,0.348861108,21960078.89,173704028.6
Nov-25-2020,0.410392846,0.424232532,0.392653293,0.405996881,23446805.93,193577518.4
Nov-24-2020,0.378071003,0.420685002,0.374698815,0.410392846,30596423.02,188281718.3
Nov-23-2020,0.347860563,0.391168645,0.343309304,0.378071003,14985689.43,171842629.2
Nov-22-2020,0.347043481,0.375074611,0.335245354,0.347860563,13484359.57,166598521.2
Nov-21-2020,0.343488245,0.349976225,0.337963516,0.347043481,7718975.87,161952107.8
Nov-20-2020,0.323819997,0.351993579,0.323819997,0.343488245,8857523.816,158618703.2
Nov-19-2020,0.315730535,0.32878988,0.313756898,0.323819997,7652128.252,151269673.5
Nov-18-2020,0.310807021,0.320692731,0.308126627,0.315730535,8009415.205,147415483.4
Nov-17-2020,0.312403821,0.326120368,0.307658207,0.310807021,7556042.702,147890381.8
Nov-16-2020,0.307347525,0.315218121,0.294964553,0.312403821,7359929.915,143895617.8
Nov-15-2020,0.305553878,0.311997762,0.299927023,0.307347525,5411062.226,143226654.5
Nov-14-2020,0.318350328,0.319078726,0.304061371,0.305553878,3809857.885,145639520.7
Nov-13-2020,0.317258546,0.327215772,0.314986514,0.318350328,4260114.825,149154414.8
Nov-12-2020,0.320520946,0.32360771,0.309285179,0.317258546,7009815.056,147413362.5
Nov-11-2020,0.307918896,0.334119763,0.307918896,0.320520946,6449367.016,149991479.4
Nov-10-2020,0.296974038,0.309787373,0.294685246,0.307918896,3933631.965,140954312.4
Nov-09-2020,0.302303645,0.305093997,0.296974038,0.296974038,2681902.98,139387311.6
Nov-08-2020,0.291285666,0.306229203,0.291285666,0.302303645,3618734.992,139327015.5
Nov-07-2020,0.30492717,0.311680041,0.291285666,0.291285666,3679664.778,140723327.2
Nov-06-2020,0.290928586,0.306088774,0.290928586,0.30492717,3723870.106,138775485.6
Nov-05-2020,0.283038252,0.290928586,0.281965531,0.290928586,2670439.576,131700593.6
Nov-04-2020,0.291089188,0.291089188,0.27845901,0.283038252,2808432.713,130377872.4
Nov-03-2020,0.288166417,0.291089188,0.276736803,0.291089188,4111639.15,130014742.9
Nov-02-2020,0.299431941,0.300892912,0.287581947,0.288166417,2515217.696,135228006.3
Nov-01-2020,0.30278971,0.303186548,0.299305722,0.299431941,1929343.972,137721097.3
Oct-31-2020,0.303335215,0.306518242,0.302716977,0.30278971,2550792.736,139216622.1
Oct-30-2020,0.301541133,0.307173001,0.299603031,0.303335215,2875407.466,138908606.3
Oct-29-2020,0.308787485,0.310946864,0.301541133,0.301541133,3858252.115,139944851.8
Oct-28-2020,0.30928248,0.316705057,0.304022639,0.308742901,4985681.98,141089891
Oct-27-2020,0.304548104,0.317966446,0.30339282,0.309645479,4537918.37,140461554.4
Oct-26-2020,0.307783662,0.316402527,0.300995352,0.304299343,3729946.038,139257352.1
Oct-24-2020,0.311227211,0.311571181,0.307775673,0.308612345,2260938.705,140096660.4
Oct-23-2020,0.316398791,0.31651546,0.31104826,0.311227211,3111115.799,141670086.2
Oct-22-2020,0.313522182,0.326151232,0.311766887,0.317582895,3394316.006,142836712.5
Oct-21-2020,0.31246259,0.316972985,0.31119068,0.313809438,3346908.194,141656696.6
Oct-20-2020,0.31021447,0.316834369,0.309887368,0.312741904,3213654.352,141295797.8
Oct-19-2020,0.31929028,0.319682432,0.308813955,0.309937961,3955813.436,141148197.5
Oct-18-2020,0.313599892,0.326677585,0.309860957,0.319159731,2264745.155,142747168.8
Oct-17-2020,0.31649294,0.316798194,0.312184875,0.313599892,1224513.042,141578406.1
Oct-16-2020,0.317508968,0.317508968,0.313938933,0.315777226,1957974.524,141878559.9
Oct-15-2020,0.324052452,0.324152272,0.308273861,0.318676914,2865948.945,142697386.3
Oct-14-2020,0.319887447,0.326511827,0.316988465,0.324161723,2946065.934,144409643.4
Oct-13-2020,0.316838089,0.331955156,0.316838089,0.319887447,5581429.762,145047587.8
Oct-12-2020,0.32299976,0.324098614,0.312959939,0.316116934,3186013.723,142382372.9
Oct-11-2020,0.321953429,0.328804546,0.314538307,0.326777056,3820637.947,143354453.8
Oct-10-2020,0.307858217,0.322255002,0.30272015,0.321953429,2372574.134,138398281.8
Oct-09-2020,0.315988881,0.318382179,0.305255101,0.308586577,3159200.267,138367141.9
Oct-08-2020,0.300596259,0.316666383,0.300596259,0.316666383,2523733.605,137051791.5
Oct-07-2020,0.303155016,0.303155016,0.294590158,0.302195728,2177488.097,133955661.2
Oct-06-2020,0.295608773,0.302907768,0.289665758,0.302319189,2703267.405,132584821.8
Oct-05-2020,0.310928693,0.31411118,0.293292615,0.293292615,2865544.392,134743236.2
Oct-04-2020,0.302158109,0.315558461,0.300869044,0.310011743,3049301.594,137248645.1
Oct-03-2020,0.310826346,0.310826346,0.300832332,0.301530461,2455338.887,136013496.7
Oct-02-2020,0.328198603,0.328649922,0.309952896,0.310517453,6754542.306,140740794
Oct-01-2020,0.318170892,0.332733008,0.294272323,0.332733008,4860480.949,136828857.7
Sep-30-2020,0.335101613,0.338859005,0.313548079,0.318119956,2911167.061,145933736.7
Sep-29-2020,0.332731836,0.340349534,0.327641538,0.330343211,6740268.625,147624794.5
Sep-28-2020,0.323086839,0.351149502,0.32262036,0.332731836,9644081.225,147776590
Sep-27-2020,0.314323007,0.346354923,0.314237306,0.323086839,3518537.36,144795219.5
Sep-26-2020,0.314569045,0.317138138,0.30971336,0.314323007,2532239.6,138419273.7
Sep-25-2020,0.321620677,0.321620677,0.310403542,0.314569045,4374595.75,138818558.5
Sep-24-2020,0.297984967,0.327663525,0.289731494,0.321620677,6215269.177,137442530
Sep-23-2020,0.290669954,0.297984967,0.28838551,0.297984967,2313755.193,129206022.7
Sep-22-2020,0.300520727,0.302358967,0.290554895,0.290669954,1955093.231,130963441.4
Sep-21-2020,0.291002659,0.300520727,0.290126982,0.300520727,4205540.064,130065443.3
Sep-20-2020,0.309801075,0.314536154,0.290684215,0.291002659,4677928.891,132744511
Sep-19-2020,0.317382171,0.320315253,0.305531896,0.309801075,3088034.478,137084566
Sep-18-2020,0.318130605,0.318130605,0.307456321,0.317382171,5033607.071,137600795.8
Sep-17-2020,0.312273472,0.322582784,0.310381633,0.318130605,5411420.769,138388766.9
Sep-16-2020,0.320672074,0.328504548,0.312100981,0.312273472,9030242.808,140412689.4
Sep-15-2020,0.334860726,0.356291702,0.320672074,0.320672074,19949348.96,148958463.4
Sep-14-2020,0.319589824,0.346310713,0.30836811,0.334860726,5311164.129,139454368.7
Sep-13-2020,0.309660935,0.322578187,0.308889778,0.319589824,5098073.368,138810736.3
Sep-12-2020,0.328075551,0.340635196,0.307026904,0.309660935,6784840.729,141477390.9
Sep-11-2020,0.338697613,0.338697613,0.321292135,0.328075551,5243345.093,144273773
Sep-10-2020,0.350320651,0.350353706,0.319911556,0.338697613,9887291.431,148433005.9
Sep-09-2020,0.317804647,0.37366,0.317804647,0.350320651,8361681.495,148458863.3
Sep-08-2020,0.316811154,0.327940945,0.312530937,0.317804647,4951563.652,139106001.6
Sep-07-2020,0.325724028,0.328559124,0.309527447,0.316811154,7384049.247,140447251.9
Sep-06-2020,0.333473115,0.337918586,0.311552567,0.325724028,7079575.032,142472233.9
Sep-05-2020,0.328156248,0.335881286,0.313235788,0.333473115,7948541.826,142833469.4
Sep-04-2020,0.370654541,0.376612637,0.32288111,0.328156248,7873051.355,153406982.2
Sep-03-2020,0.379323629,0.380917971,0.363647964,0.370654541,11628958.87,163072037
Sep-02-2020,0.443073853,0.448687007,0.379323629,0.379323629,12169358.62,186060297.9
Sep-01-2020,0.478990742,0.478990742,0.433486251,0.443073853,12401857.29,198631343.7
Aug-31-2020,0.50915884,0.50915884,0.476522549,0.478990742,13058110.08,211516816.7
Aug-30-2020,0.532672484,0.532672484,0.50915884,0.50915884,12871049.26,225893341.1
Aug-29-2020,0.53772883,0.557103689,0.526829354,0.532672484,14303893.75,235271561.2
Aug-28-2020,0.566147782,0.566147782,0.517289613,0.53772883,20157697.99,234591880.9
Aug-27-2020,0.502707479,0.566147782,0.502707479,0.566147782,18005107.6,230184779.9
Aug-26-2020,0.493579647,0.513691979,0.476217933,0.502707479,14201226.48,213738179.3
Aug-25-2020,0.463275671,0.493579647,0.463275671,0.493579647,13419290.61,205864200.5
Aug-24-2020,0.528259806,0.528259806,0.454592881,0.463275671,14460522.16,212400758.9
Aug-23-2020,0.481956129,0.528259806,0.481956129,0.528259806,12606376.6,215255854
Aug-22-2020,0.468013984,0.482232024,0.45421799,0.481956129,17428725.16,203404599.2
Aug-21-2020,0.431964228,0.49023482,0.418564553,0.468013984,16169579.23,191878735.3
Aug-20-2020,0.514309602,0.514321596,0.431964228,0.431964228,17373929.02,203246777.1
Aug-19-2020,0.506736093,0.535458718,0.506736093,0.514309602,34965173.61,222586228.6
Aug-18-2020,0.561456736,0.610180283,0.499615215,0.506736093,48546391.96,231334939
Aug-17-2020,0.567124342,0.567124342,0.527122658,0.561456736,12382489.33,237627657.4
Aug-16-2020,0.605448827,0.605448827,0.549770796,0.567124342,15956162.47,246968993.4
Aug-15-2020,0.510622118,0.605448827,0.509542364,0.605448827,18443100.26,237615781.4
Aug-14-2020,0.519828753,0.519828753,0.508203887,0.510622118,9693571.374,221120663.1
Aug-13-2020,0.519457775,0.527867372,0.505977268,0.519828753,29125769.84,223496165.3
Aug-12-2020,0.560980329,0.560980329,0.519457775,0.519457775,30228841.16,232307359.2
Aug-11-2020,0.520681099,0.571673716,0.520358008,0.560980329,36741524.87,231957080.2
Aug-10-2020,0.570380959,0.570380959,0.498303085,0.520681099,43980256.93,229025433.8
Aug-09-2020,0.434670058,0.581982786,0.413324119,0.570380959,34255478.76,209052976.3
Aug-08-2020,0.362236155,0.434670058,0.362236155,0.434670058,16725612.83,169707870.5
Aug-07-2020,0.33555246,0.40209846,0.33555246,0.362236155,7502698.759,154482166.7
Aug-06-2020,0.347192913,0.348283546,0.33322645,0.33555246,9826915.425,147193272.6
Aug-05-2020,0.340483152,0.353440558,0.336772625,0.347192913,10220346.47,146892202.9
Aug-04-2020,0.325859145,0.349505522,0.325524275,0.340483152,10195553.9,143533954
Aug-03-2020,0.327339986,0.336646833,0.31372091,0.325859145,9210337.397,140248718.6
Aug-02-2020,0.326817553,0.350394906,0.321502141,0.327339986,11800916.46,143049968.7
Aug-01-2020,0.282148815,0.326817553,0.278442576,0.326817553,9574063.632,130019636.9
Jul-31-2020,0.305321797,0.31140422,0.282148815,0.282148815,6126584.336,129635200.2
Jul-30-2020,0.337984848,0.337984848,0.298834593,0.305321797,7743063.181,133620863.1
Jul-29-2020,0.347483064,0.358808937,0.32432058,0.337984848,12761688.19,144690182.1
Jul-28-2020,0.372467181,0.386283596,0.336485205,0.347483064,10659361.18,156483369.2
Jul-27-2020,0.400266787,0.400266787,0.362041712,0.372467181,7757079.283,161270244
Jul-26-2020,0.417789524,0.435936372,0.375993897,0.400266787,15279396.88,170088824.8
Jul-25-2020,0.383728285,0.418173604,0.367202355,0.417789524,12001085.73,166515036.8
Jul-24-2020,0.377719795,0.387256704,0.377524823,0.383728285,15017473.72,163394723.3
Jul-23-2020,0.391457204,0.391457204,0.366712294,0.377719795,18861162.04,162225779.8
Jul-22-2020,0.378812334,0.409508877,0.378812334,0.391457204,23474844,167724994.6
Jul-21-2020,0.323627765,0.41142721,0.323627765,0.378812334,18583182.15,159990143.7
Jul-20-2020,0.340114216,0.340949926,0.302904919,0.323627765,16159003.49,136904614.3
Jul-19-2020,0.338160687,0.372627496,0.338160687,0.340114216,25842104.45,151858533
Jul-18-2020,0.269637057,0.338160687,0.265150265,0.338160687,10677276.95,123062432.6
Jul-17-2020,0.260109023,0.269725268,0.251015324,0.269637057,9291043.125,110825609.5
Jul-16-2020,0.233072557,0.260109023,0.229933634,0.260109023,7146569.365,101437498.5
Jul-15-2020,0.235094377,0.238477608,0.223128399,0.233072557,7844896.5,97784930.62
Jul-14-2020,0.215471065,0.235094377,0.215471065,0.235094377,7791710.225,96768182.19
Jul-13-2020,0.211974048,0.215471065,0.21151724,0.215471065,6482977.717,90426297.09
Jul-12-2020,0.215115902,0.215248667,0.211123511,0.211974048,7559790.133,90309458.49
Jul-11-2020,0.208968736,0.215115902,0.20889732,0.215115902,5655324.707,88897862.87
Jul-10-2020,0.208303488,0.208968736,0.207790115,0.208968736,6040663.278,88243022.12
Jul-09-2020,0.207680371,0.209010297,0.20714857,0.208303488,7533799.729,87953109.54
Jul-08-2020,0.209296912,0.212455199,0.207288309,0.207680371,6857903.999,88651560.81
Jul-07-2020,0.21494457,0.215593654,0.206103109,0.209296912,6486657.665,89937705.35
Jul-06-2020,0.213632785,0.216876657,0.212235816,0.21494457,6973410.041,90382990.78
Jul-05-2020,0.206477572,0.214180402,0.206477572,0.213632785,6048415.833,88594880.98
Jul-04-2020,0.205135985,0.20801375,0.204675516,0.206477572,5709273.832,87300150.03
Jul-03-2020,0.208309945,0.208854238,0.204929775,0.205135985,6565331.11,87426834.44
Jul-02-2020,0.210196388,0.212815097,0.208309945,0.208309945,8768880.461,88554297.92
Jul-01-2020,0.207733173,0.21346017,0.207075129,0.210196388,8744757.761,87655849.36
Jun-30-2020,0.208876702,0.209123962,0.205333047,0.207733173,5301247.59,87060660.85
Jun-29-2020,0.206528499,0.209896439,0.206528499,0.208876702,4032377.635,87852818.88
Jun-28-2020,0.205290892,0.209494558,0.205290892,0.206528499,4188739.706,87218724.91
Jun-27-2020,0.207380777,0.207906328,0.204359818,0.205290892,4226549.129,86406585.91
Jun-26-2020,0.203279535,0.211444242,0.203279535,0.207380777,4030820.966,86771518.93
Jun-25-2020,0.20341009,0.212945296,0.203279535,0.203279535,4688390.302,86489427.28
Jun-24-2020,0.206140318,0.206140318,0.19998982,0.20341009,4077079.736,78985832.58
Jun-23-2020,0.210243363,0.210243363,0.204312668,0.206140318,2694192.271,67770257.85
Jun-22-2020,0.209974218,0.211332499,0.209675759,0.210243363,2489578.03,68894222.68
Jun-21-2020,0.212236289,0.213799503,0.206583474,0.209974218,3242428.962,68515341.19
Jun-20-2020,0.211775838,0.212236289,0.210270854,0.212236289,2929624.262,68878317.04
Jun-19-2020,0.21316421,0.21316421,0.211282271,0.211775838,2823407.573,69129222.13
Jun-18-2020,0.211335096,0.21316421,0.210179389,0.21316421,2944344.109,69036289.42
Jun-17-2020,0.21332581,0.216982052,0.211023695,0.211335096,3312227.584,65082075.49
Jun-16-2020,0.216153649,0.217937018,0.210967034,0.21332581,3258090.581,59326288.6
Jun-15-2020,0.205363362,0.216461599,0.205363362,0.216461599,3142654.364,58430692.3
Jun-14-2020,0.211560525,0.211560525,0.199493307,0.205363362,3384738.419,56372966.96
Jun-13-2020,0.213145829,0.21360287,0.209474981,0.210904022,2899005.909,58618003.62
Jun-12-2020,0.212016354,0.214045052,0.211839524,0.213569133,1831406.617,58853802.97
Jun-11-2020,0.201852892,0.21420897,0.201852892,0.210264655,4157023.079,58012206.67
Jun-10-2020,0.225922252,0.23130547,0.201225837,0.201225837,5819110.354,61273926.95
Jun-09-2020,0.222663266,0.231523548,0.222099939,0.225741784,7285431.546,61780407.84
Jun-08-2020,0.217281443,0.231339832,0.217281443,0.222335029,5751368.097,60675734.12
Jun-07-2020,0.215964736,0.217851015,0.213883539,0.217851015,5144481.442,59459038.19
Jun-06-2020,0.211351882,0.213561543,0.207961855,0.213561543,7393515.479,57669997.29
Jun-05-2020,0.212368882,0.21282155,0.208142846,0.212324567,5277324.65,57949752.06
Jun-04-2020,0.215601555,0.221598203,0.212892685,0.212892685,6773725.313,59472005.81
Jun-03-2020,0.202976747,0.211911912,0.2027966,0.211911912,5800836.858,53997912.91
Jun-02-2020,0.199556142,0.202104822,0.199556142,0.202104822,4445709.628,37781723.27
Jun-01-2020,0.200598584,0.203558409,0.197052111,0.199286056,4758632.84,37735754.07
May-31-2020,0.197921161,0.202675677,0.197921161,0.202675677,3594957.284,37540729.78
May-30-2020,0.196571036,0.200389744,0.195122897,0.197200363,4159871.145,37098468.12
May-29-2020,0.197815055,0.197926595,0.194222978,0.195782521,5193629.957,36967230.75
May-28-2020,0.197123205,0.20816124,0.196143306,0.197096697,6383265.347,37820038.98
May-27-2020,0.19609258,0.199355287,0.19609258,0.196170201,5839437.107,37264784.18
May-26-2020,0.196041452,0.198480197,0.193246448,0.195745116,4810427.94,36778071.11
May-25-2020,0.189055895,0.201953969,0.189055895,0.195728878,4863991.629,37089369.58
May-24-2020,0.182712015,0.188687229,0.182458197,0.188687229,4540384.067,35001731.11
May-23-2020,0.186585491,0.189369107,0.182099591,0.183531203,3284078.625,35019419.75
May-22-2020,0.182582072,0.186907103,0.181638102,0.186168506,3851974.429,34695018.84
May-21-2020,0.179572,0.186393869,0.175021951,0.180447106,5560775.062,33863331.11
May-20-2020,0.186424042,0.186424042,0.179599781,0.179599781,5026197.349,34477489.49
May-19-2020,0.18779779,0.190774483,0.18622222,0.186424042,5113198.666,35364423.57
May-18-2020,0.193197216,0.193197216,0.183869075,0.18652846,5346050.435,35262706.36
May-17-2020,0.193185513,0.195747308,0.191160082,0.192491837,3446212.389,36508700.32
May-16-2020,0.18547741,0.194786525,0.185397378,0.191320491,1724878.531,35644769.95
May-15-2020,0.184572569,0.186647465,0.184390402,0.185561366,1542760.343,34958081.35
May-14-2020,0.187262725,0.188148044,0.183956499,0.184211546,3128476.541,34886888.41
May-13-2020,0.189022078,0.19056906,0.187060783,0.187582724,4470631.416,35522953.77
May-12-2020,0.18520587,0.190674399,0.18520587,0.189398321,7337398.537,35637731.4
May-11-2020,0.178915262,0.187996962,0.178915262,0.184026054,9609277.681,34587611
May-10-2020,0.179541145,0.184451331,0.174312404,0.178915262,2359073.297,33611643.55
May-09-2020,0.186963396,0.186963396,0.17504726,0.179541145,1955019.391,33446124.22
May-08-2020,0.194163238,0.194163238,0.190353417,0.191634607,2127240.661,36132219.11
May-07-2020,0.195107089,0.196976633,0.193828374,0.193828374,3194031.989,36645906.21
May-06-2020,0.213611773,0.216255297,0.194171022,0.194843196,5496233.991,37872234.8
May-05-2020,0.189655612,0.234560906,0.189655612,0.221389527,1752581.76,37806341.91
May-04-2020,0.192153921,0.192856906,0.188928834,0.189885907,1223099.21,35925873.68
May-03-2020,0.194361714,0.194361714,0.18933863,0.192153921,1253190.438,36041891.35
May-02-2020,0.195192352,0.196810153,0.193857386,0.194361714,1792521.08,36863486.86
May-01-2020,0.191764135,0.19648293,0.191764135,0.195192352,1875535.208,36566190.39
Apr-30-2020,0.191120765,0.199887686,0.190206351,0.191978491,1988412.826,36534012.24
Apr-29-2020,0.202744402,0.21013902,0.190245818,0.191218597,2014580.136,37611768.47
Apr-28-2020,0.198614628,0.204423358,0.19804154,0.204423358,2624114.723,37761567.76
Apr-27-2020,0.197300779,0.198614628,0.194891588,0.198614628,7702031.99,37018444.04
Apr-26-2020,0.195130341,0.197643263,0.192278262,0.197300779,8629422.095,36701733.01
Apr-25-2020,0.196481721,0.197829383,0.192106442,0.195130341,1449571.021,36765084.32
Apr-24-2020,0.195203312,0.199791123,0.195203312,0.196481721,1555613.64,37240197.54
Apr-23-2020,0.196624021,0.198011355,0.192692502,0.195203312,2074433.506,36753761.26
Apr-22-2020,0.196068703,0.198321697,0.190392257,0.196624021,2960076.171,36603994.82
Apr-21-2020,0.205082159,0.205082159,0.191312512,0.196431739,3631483.716,37262819.99
Apr-20-2020,0.20768097,0.213708014,0.195250675,0.205082159,7431701.337,38044979.68
Apr-19-2020,0.229963817,0.229963817,0.207680753,0.20768097,5446076.504,41228225.04
Apr-18-2020,0.219536807,0.230766496,0.219536807,0.229963817,2418598.305,42338456.97
Apr-17-2020,0.215730134,0.219536807,0.214375969,0.219536807,2232010.16,40663121.75
Apr-16-2020,0.219605614,0.23116141,0.214141933,0.215730134,2824159.988,41442616.48
Apr-15-2020,0.194883782,0.219938189,0.19451076,0.219938189,1949418.444,39020437.89
Apr-14-2020,0.201970136,0.209420088,0.194883782,0.194883782,2237270.363,38439218.29
Apr-13-2020,0.189128658,0.20652117,0.183517246,0.201970136,3240106.881,36360538.9
Apr-12-2020,0.185855289,0.189128658,0.17740659,0.189128658,3844252.529,33923788.2
Apr-11-2020,0.168365161,0.187782937,0.168123974,0.185855289,2931406.138,32962078.06
Apr-10-2020,0.167317816,0.16975716,0.166807982,0.168365161,3587059.937,31630364.06
Apr-09-2020,0.177004829,0.177004829,0.164176428,0.167317816,2849094.03,31566710.18
Apr-08-2020,0.181194992,0.181999056,0.175897143,0.177004829,1831698.416,33517999.3
Apr-07-2020,0.172603473,0.181194992,0.172603473,0.181194992,2551257.771,33398493.38
Apr-06-2020,0.175965169,0.178761225,0.16942889,0.172603473,2944022.948,32496194.44
Apr-05-2020,0.163752845,0.175965169,0.162997311,0.175965169,3069356.6,31429982.37
Apr-04-2020,0.161533723,0.169492424,0.15360854,0.163752845,3010946.69,29902245.2
Apr-03-2020,0.148946051,0.161533723,0.148338742,0.161533723,2190921.974,28565703.74
Apr-02-2020,0.146340117,0.146895685,0.141161216,0.146138541,2786499.08,27335240.23
Apr-01-2020,0.143209959,0.146340117,0.1419962,0.146340117,2340879.611,27089862.49
Mar-31-2020,0.139599484,0.143209959,0.136625208,0.143209959,3197618.558,26066384.46
Mar-30-2020,0.139986991,0.142442816,0.139429103,0.14067221,8324131.824,26485527.69
Mar-29-2020,0.136597788,0.140096237,0.136576866,0.139398778,7367305.307,26073282.39
Mar-29-2020,0.139007299,0.140634017,0.136123127,0.136123127,3072543.532,26094418.18
Mar-28-2020,0.1455322,0.1455322,0.136490021,0.136939087,3361201.521,25938975.61
Mar-27-2020,0.149385055,0.149677573,0.144597378,0.1455322,3437576.52,27586479.29
Mar-26-2020,0.147747139,0.149385055,0.145354018,0.149385055,3602161.636,27674899.18
Mar-25-2020,0.151343701,0.151829022,0.145561884,0.148853506,3627214.828,27848520.25
Mar-24-2020,0.14050049,0.151343701,0.14050049,0.151343701,4892927.957,27604810.76
Mar-23-2020,0.132669324,0.141963317,0.131131315,0.14050049,5042924.061,25763410.2
Mar-22-2020,0.138405123,0.145274527,0.132184425,0.132669324,2802106.984,25959744.21
Mar-21-2020,0.140671469,0.14316445,0.134916599,0.138405123,3152371.651,26151130.36
Mar-20-2020,0.147177776,0.15661696,0.139556152,0.140671469,5821865.706,27879553.68
Mar-19-2020,0.124999758,0.16437862,0.121989726,0.147177776,3732086.379,25835937.26
Mar-18-2020,0.137204397,0.138317859,0.122500182,0.124999758,2251134.227,23999341.96
Mar-17-2020,0.137360562,0.140475939,0.136204896,0.137204397,2001370.571,25841373.93
Mar-16-2020,0.143806618,0.145160023,0.133839158,0.137360562,2290057.466,26010717.62
Mar-15-2020,0.148472445,0.150867494,0.143450958,0.143806618,1639354.461,27599761.44
Mar-14-2020,0.157766219,0.162905768,0.146392575,0.148472445,1894842.252,28825657.6
Mar-13-2020,0.159688132,0.167650255,0.124346857,0.157766219,4140075.833,28655696.94
Mar-12-2020,0.20007801,0.200466805,0.159688132,0.159688132,4407784.219,32887724.49
Mar-11-2020,0.207781523,0.209502941,0.198986034,0.20007801,3372843.327,38193272.89
Mar-10-2020,0.207206468,0.210550672,0.201939836,0.206318464,4539786.185,38566635.05
Mar-09-2020,0.214270712,0.214270712,0.201076421,0.207206468,9908296.453,38797323.03
Mar-08-2020,0.234562478,0.234562478,0.213184771,0.214270712,3029107.698,42237510.2
Mar-07-2020,0.237596622,0.239166441,0.234202869,0.234562478,3238539.213,44503532.52
Mar-06-2020,0.23896266,0.241926028,0.235787305,0.237596622,4205126.257,44738998.53
Mar-05-2020,0.2373845,0.241294703,0.2373845,0.23896266,4629390.919,44898911.7
Mar-04-2020,0.239635982,0.245371719,0.236335309,0.237216389,4716360.778,45024988.7
Mar-03-2020,0.24542338,0.24754353,0.238990817,0.239635982,5746201.12,45510787.43
Mar-02-2020,0.240825754,0.260095474,0.240825754,0.246648034,8894089.673,46727037.43
Mar-01-2020,0.22098117,0.25159262,0.219781896,0.240825754,6657079.371,42627000.91
Feb-29-2020,0.218829079,0.22098117,0.218468911,0.22098117,7535954.264,41249788.81
Feb-28-2020,0.224507076,0.225236692,0.213748799,0.218829079,8184522.505,41109642.82
Feb-27-2020,0.215188277,0.228441673,0.212838039,0.224507076,7208404.963,41565293.09
Feb-26-2020,0.233042443,0.233042443,0.213407725,0.215188277,5607573.669,41426471.99
Feb-25-2020,0.245173057,0.245173057,0.231307707,0.232744378,4763446.353,44446940.48
Feb-24-2020,0.261380747,0.261380747,0.243796036,0.245173057,5004775.571,47012516.39
Feb-23-2020,0.262655476,0.264881386,0.257377185,0.262731533,5118531.894,48981859.02
Feb-22-2020,0.2529518,0.264268604,0.247243298,0.263582366,5575678.929,48096242.85
Feb-21-2020,0.227567974,0.256317793,0.227567974,0.253522695,5176704.43,46186289.03
Feb-20-2020,0.21891591,0.232283563,0.218362947,0.229019774,3308952.68,42303450
Feb-19-2020,0.234700989,0.237456164,0.221087369,0.221087369,2748719.76,44012919.6
Feb-18-2020,0.236361414,0.236361414,0.227970352,0.235188578,3557570.633,43500095.63
Feb-17-2020,0.25192576,0.25192576,0.232300071,0.236474827,3691470.557,44373072.92
Feb-16-2020,0.256501422,0.266473372,0.25023142,0.25117131,3851237.661,48389703.52
Feb-15-2020,0.27489337,0.278196381,0.257137467,0.258774039,4642812.697,50551344.91
Feb-14-2020,0.275458628,0.282562507,0.27263897,0.277026467,3741616.392,52000320.97
Feb-13-2020,0.261099388,0.296709727,0.261099388,0.276689547,5451306.331,51844285.83
Feb-12-2020,0.346226073,0.346226073,0.260848336,0.261099388,10405371.24,54549900.31
Feb-11-2020,0.225095253,0.321854602,0.217967749,0.310085437,5097534.545,47285967.08
Feb-10-2020,0.224819536,0.227482035,0.22215466,0.223585077,3872721.61,42230564.89
Feb-09-2020,0.228224264,0.228750697,0.222556521,0.224819536,2676367.281,42368472.06
Feb-08-2020,0.229473921,0.229473921,0.21536495,0.228224264,3237270.716,41991284.39
Feb-07-2020,0.218194348,0.230193926,0.218194348,0.22846897,4480951.973,42418095.52
Feb-06-2020,0.205409698,0.216964705,0.203971763,0.216143666,4137552.425,39609880.41
Feb-05-2020,0.198224013,0.206401774,0.198224013,0.205280425,2809492.411,38033116.05
Feb-04-2020,0.20450173,0.20450173,0.194666333,0.196329094,2740786.54,37280829.57
Feb-03-2020,0.198476823,0.20592322,0.197027692,0.20450173,3826955.772,37871493.35
Feb-02-2020,0.189291222,0.198476823,0.188136933,0.198476823,2923608.857,36087072.49
Feb-01-2020,0.187278379,0.189331296,0.186921324,0.189291222,3308026.724,35300073.8
Jan-31-2020,0.189298855,0.189298855,0.186172653,0.186694194,3615004.575,35172875.04
Jan-30-2020,0.189726951,0.194543954,0.185966449,0.189112809,4820158.175,35284475.11
Jan-29-2020,0.185949293,0.192747731,0.185949293,0.189561504,4839398.021,35321514.99
Jan-28-2020,0.186517943,0.18717217,0.184526105,0.185949293,3318806.334,34748590.76
Jan-27-2020,0.185965631,0.186517943,0.184515467,0.186517943,2487242.873,34709779.06
Jan-26-2020,0.185376021,0.186315321,0.185004189,0.185942246,2270758.621,34772598.35
Jan-25-2020,0.186040864,0.186159386,0.184857517,0.185376021,2281242.554,34738859.28
Jan-24-2020,0.185811876,0.189517826,0.185241132,0.185501477,2396118.533,34949602.97
Jan-23-2020,0.191947994,0.191947994,0.18567478,0.185811876,2725706.838,35373716.97
Jan-22-2020,0.196639913,0.196639913,0.191333359,0.191947994,3599214.23,36180854.4
Jan-21-2020,0.199618479,0.199618479,0.195176498,0.196639913,3749005.426,36916748.38
Jan-20-2020,0.205987494,0.208764634,0.1989696,0.200882769,5091141.935,37795905.54
Jan-19-2020,0.203483951,0.219888032,0.200654038,0.205987494,4210297.309,38510427.9
Jan-18-2020,0.205698024,0.20617125,0.199736278,0.203483951,3242519.111,37918158.73
Jan-17-2020,0.201665555,0.207351254,0.201665555,0.205698024,3713886.545,38236058.99
Jan-16-2020,0.196371973,0.201665555,0.19388036,0.201665555,3866877.656,36839239.14
Jan-15-2020,0.19595442,0.2048031,0.193548439,0.196371973,4757788.723,37025810.24
Jan-14-2020,0.200405726,0.204508863,0.193264255,0.19595442,4520793.544,36785942.2
Jan-13-2020,0.214225952,0.214225952,0.191812125,0.200405726,3111418.322,37221410.69
Jan-12-2020,0.210350268,0.214225952,0.203968277,0.214225952,1913178.002,38847591.86
Jan-11-2020,0.205588524,0.212514095,0.203001149,0.210350268,3838975.481,38784500.87
Jan-10-2020,0.206001001,0.217832447,0.204741493,0.205588524,4088920.874,38728913.33
Jan-09-2020,0.203206209,0.218533255,0.199838259,0.206001001,3610779.372,38961452.23
Jan-08-2020,0.217986082,0.218049859,0.203206209,0.203206209,3028581.629,38983985.98
Jan-07-2020,0.22590719,0.22590719,0.215610404,0.217986082,3350910.593,40912134.28
Jan-06-2020,0.239788542,0.250299035,0.225051633,0.22590719,2594282.36,43451386.05
Jan-05-2020,0.24072115,0.241595117,0.237617439,0.239788542,2029422.774,44748007.82
Jan-04-2020,0.220374728,0.247020126,0.217676066,0.24072115,3132701.167,43710605.17
Jan-03-2020,0.216835206,0.229444548,0.199423817,0.220374728,3896444.587,40463927.73
Jan-02-2020,0.233490223,0.233490223,0.211534959,0.216835206,4529608.259,40586061.47
Jan-01-2020,0.258294563,0.258294563,0.233490223,0.233490223,4961995.985,45196368.78
Dec-31-2019,0.287652901,0.287652901,0.257174552,0.258294563,2932582.531,49091765.02
Dec-30-2019,0.309686514,0.309686514,0.283170543,0.287652901,702109.3864,54929698.14
Dec-29-2019,0.287757536,0.319893752,0.286617211,0.309686514,537123.5068,56891351.97
Dec-28-2019,0.292014191,0.30917821,0.287508746,0.287757536,1111739.743,55007124.23
Dec-27-2019,0.348275482,0.448253947,0.292014191,0.292014191,2817011.08,67584725.36
Dec-26-2019,0.346882293,0.364202192,0.336394214,0.348275482,1518322.778,65957184
Dec-25-2019,0.326987657,0.352619462,0.326332417,0.346882293,1779634.566,64438315.1
Dec-24-2019,0.279894843,0.326987657,0.277785317,0.326987657,1147084.779,57037027.47
Dec-23-2019,0.262654714,0.289200656,0.262654714,0.279894843,1112639.43,51745874.16
Dec-22-2019,0.258390231,0.267781261,0.255334658,0.262654714,1221198.385,48760321.91
Dec-21-2019,0.241443988,0.271962583,0.241443988,0.258390231,1172035.826,48041276.75
Dec-20-2019,0.217079748,0.251071015,0.216729027,0.241443988,1184556.541,44979295.53