quote_date,item_id,p_mean,p25,p_median,p75,itemName,date,dateStata,dateISO,obs,year,month,quarter,_merge
200301,210102,0.8552459,0.63,0.79,0.95,Bread,180,01/01/2003,01/01/2003,103660,2003,1,1,Matched (3)
200302,310109,2.130964,2,2.15,2.3,Beer,181,01/02/2003,01/02/2003,106569,2003,2,1,Matched (3)
200302,210102,0.7814563,0.65,0.75,0.92,Bread,181,01/02/2003,01/02/2003,106569,2003,2,1,Matched (3)
200303,210102,0.7726732,0.65,0.69,0.92,Bread,182,01/03/2003,01/03/2003,107246,2003,3,1,Matched (3)
200303,310109,2.152282,2,2.15,2.3,Beer,182,01/03/2003,01/03/2003,107246,2003,3,1,Matched (3)
200304,210102,0.8041177,0.67,0.83,0.95,Bread,183,01/04/2003,01/04/2003,96279,2003,4,2,Matched (3)
200304,310109,2.16706,2.04,2.15,2.3,Beer,183,01/04/2003,01/04/2003,96279,2003,4,2,Matched (3)
200305,210102,0.7965117,0.67,0.695,0.95,Bread,184,01/05/2003,01/05/2003,99396,2003,5,2,Matched (3)
200305,310109,2.179781,2.05,2.2,2.32,Beer,184,01/05/2003,01/05/2003,99396,2003,5,2,Matched (3)
200306,210102,0.8019318,0.67,0.825,0.95,Bread,185,01/06/2003,01/06/2003,100902,2003,6,2,Matched (3)
200306,310109,2.182412,2.05,2.2,2.35,Beer,185,01/06/2003,01/06/2003,100902,2003,6,2,Matched (3)
200307,210102,0.7919318,0.67,0.695,0.95,Bread,186,01/07/2003,01/07/2003,101269,2003,7,3,Matched (3)
200307,310109,2.184813,2.05,2.2,2.35,Beer,186,01/07/2003,01/07/2003,101269,2003,7,3,Matched (3)
200308,210102,0.7897647,0.67,0.69,0.95,Bread,187,01/08/2003,01/08/2003,100534,2003,8,3,Matched (3)
200308,310109,2.184165,2.05,2.2,2.35,Beer,187,01/08/2003,01/08/2003,100534,2003,8,3,Matched (3)
200309,210102,0.8344872,0.72,0.79,0.97,Bread,188,01/09/2003,01/09/2003,101448,2003,9,3,Matched (3)
200309,310109,2.182638,2.05,2.2,2.325,Beer,188,01/09/2003,01/09/2003,101448,2003,9,3,Matched (3)
200310,210102,0.8412941,0.72,0.83,0.97,Bread,189,01/10/2003,01/10/2003,104513,2003,10,4,Matched (3)
200310,310109,2.186319,2.05,2.2,2.35,Beer,189,01/10/2003,01/10/2003,104513,2003,10,4,Matched (3)
200311,310109,2.19188,2.05,2.2,2.35,Beer,190,01/11/2003,01/11/2003,109068,2003,11,4,Matched (3)
200311,210102,0.8141905,0.69,0.75,0.97,Bread,190,01/11/2003,01/11/2003,109068,2003,11,4,Matched (3)
200312,310109,2.200535,2.1,2.2,2.35,Beer,191,01/12/2003,01/12/2003,110012,2003,12,4,Matched (3)
200312,210102,0.8228571,0.69,0.75,0.97,Bread,191,01/12/2003,01/12/2003,110012,2003,12,4,Matched (3)
200401,310109,2.196345,2.05,2.2,2.35,Beer,192,01/01/2004,01/01/2004,107904,2004,1,1,Matched (3)
200401,210102,0.8215384,0.72,0.77,0.96,Bread,192,01/01/2004,01/01/2004,107904,2004,1,1,Matched (3)
200402,210102,0.8513402,0.75,0.79,0.98,Bread,193,01/02/2004,01/02/2004,103439,2004,2,1,Matched (3)
200402,310109,2.17768,2.05,2.2,2.35,Beer,193,01/02/2004,01/02/2004,103439,2004,2,1,Matched (3)
200403,210102,0.8354082,0.73,0.77,0.95,Bread,194,01/03/2004,01/03/2004,105011,2004,3,1,Matched (3)
200403,310109,2.202024,2.06,2.2,2.4,Beer,194,01/03/2004,01/03/2004,105011,2004,3,1,Matched (3)
200404,210102,0.8252631,0.72,0.77,0.98,Bread,195,01/04/2004,01/04/2004,105509,2004,4,2,Matched (3)
200404,310109,2.215385,2.1,2.22,2.4,Beer,195,01/04/2004,01/04/2004,105509,2004,4,2,Matched (3)
200405,310109,2.221329,2.1,2.25,2.4,Beer,196,01/05/2004,01/05/2004,107319,2004,5,2,Matched (3)
200405,210102,0.8367327,0.73,0.77,0.97,Bread,196,01/05/2004,01/05/2004,107319,2004,5,2,Matched (3)
200406,310109,2.22463,2.1,2.25,2.4,Beer,197,01/06/2004,01/06/2004,107774,2004,6,2,Matched (3)
200406,210102,0.8425,0.73,0.78,0.98,Bread,197,01/06/2004,01/06/2004,107774,2004,6,2,Matched (3)
200407,310109,2.22441,2.1,2.25,2.4,Beer,198,01/07/2004,01/07/2004,106865,2004,7,3,Matched (3)
200407,210102,0.8586138,0.73,0.79,0.98,Bread,198,01/07/2004,01/07/2004,106865,2004,7,3,Matched (3)
200408,310109,2.227165,2.1,2.25,2.4,Beer,199,01/08/2004,01/08/2004,105050,2004,8,3,Matched (3)
200408,210102,0.852451,0.73,0.79,0.98,Bread,199,01/08/2004,01/08/2004,105050,2004,8,3,Matched (3)
200409,210102,0.8467925,0.73,0.79,0.98,Bread,200,01/09/2004,01/09/2004,104170,2004,9,3,Matched (3)
200409,310109,2.222743,2.1,2.25,2.4,Beer,200,01/09/2004,01/09/2004,104170,2004,9,3,Matched (3)
200410,310109,2.226546,2.1,2.25,2.4,Beer,201,01/10/2004,01/10/2004,105471,2004,10,4,Matched (3)
200410,210102,0.855,0.73,0.79,0.98,Bread,201,01/10/2004,01/10/2004,105471,2004,10,4,Matched (3)
200411,210102,0.8458654,0.73,0.79,0.98,Bread,202,01/11/2004,01/11/2004,106502,2004,11,4,Matched (3)
200411,310109,2.230518,2.1,2.25,2.4,Beer,202,01/11/2004,01/11/2004,106502,2004,11,4,Matched (3)
200412,310109,2.234742,2.1,2.25,2.4,Beer,203,01/12/2004,01/12/2004,106782,2004,12,4,Matched (3)
200412,210102,0.8511712,0.73,0.79,0.99,Bread,203,01/12/2004,01/12/2004,106782,2004,12,4,Matched (3)
200501,210102,0.8514546,0.73,0.79,0.99,Bread,204,01/01/2005,01/01/2005,103613,2005,1,1,Matched (3)
200501,310109,2.234787,2.1,2.25,2.4,Beer,204,01/01/2005,01/01/2005,103613,2005,1,1,Matched (3)
200502,310109,2.241216,2.1,2.25,2.4,Beer,205,01/02/2005,01/02/2005,108851,2005,2,1,Matched (3)
200502,210102,0.8423077,0.725,0.79,0.99,Bread,205,01/02/2005,01/02/2005,108851,2005,2,1,Matched (3)
200503,310109,2.255681,2.13,2.28,2.4,Beer,206,01/03/2005,01/03/2005,109174,2005,3,1,Matched (3)
200503,210102,0.8372898,0.73,0.77,0.99,Bread,206,01/03/2005,01/03/2005,109174,2005,3,1,Matched (3)
200504,210102,0.8317117,0.66,0.79,0.99,Bread,207,01/04/2005,01/04/2005,112133,2005,4,2,Matched (3)
200504,310109,2.277663,2.15,2.3,2.45,Beer,207,01/04/2005,01/04/2005,112133,2005,4,2,Matched (3)
200505,310109,2.250853,2.13,2.25,2.4,Beer,208,01/05/2005,01/05/2005,111815,2005,5,2,Matched (3)
200505,210102,0.8069697,0.73,0.73,0.96,Bread,208,01/05/2005,01/05/2005,111815,2005,5,2,Matched (3)
200506,210102,0.8247273,0.67,0.79,0.99,Bread,209,01/06/2005,01/06/2005,114133,2005,6,2,Matched (3)
200506,310109,2.290743,2.15,2.3,2.48,Beer,209,01/06/2005,01/06/2005,114133,2005,6,2,Matched (3)
200507,210102,0.8414679,0.73,0.79,0.99,Bread,210,01/07/2005,01/07/2005,112702,2005,7,3,Matched (3)
200507,310109,2.298136,2.15,2.3,2.5,Beer,210,01/07/2005,01/07/2005,112702,2005,7,3,Matched (3)
200508,310109,2.299,2.15,2.3,2.5,Beer,211,01/08/2005,01/08/2005,111794,2005,8,3,Matched (3)
200508,210102,0.8250893,0.725,0.79,0.99,Bread,211,01/08/2005,01/08/2005,111794,2005,8,3,Matched (3)
200509,310109,2.298801,2.15,2.3,2.49,Beer,212,01/09/2005,01/09/2005,111426,2005,9,3,Matched (3)
200509,210102,0.8159091,0.72,0.785,0.99,Bread,212,01/09/2005,01/09/2005,111426,2005,9,3,Matched (3)
200510,310109,2.299364,2.15,2.3,2.49,Beer,213,01/10/2005,01/10/2005,108500,2005,10,4,Matched (3)
200510,210102,0.8246363,0.67,0.79,0.99,Bread,213,01/10/2005,01/10/2005,108500,2005,10,4,Matched (3)
200511,310109,2.300345,2.15,2.3,2.5,Beer,214,01/11/2005,01/11/2005,104534,2005,11,4,Matched (3)
200511,210102,0.8322222,0.77,0.79,1,Bread,214,01/11/2005,01/11/2005,104534,2005,11,4,Matched (3)
200512,210102,0.8371053,0.73,0.79,0.99,Bread,215,01/12/2005,01/12/2005,109077,2005,12,4,Matched (3)
200512,310109,2.304092,2.15,2.3,2.5,Beer,215,01/12/2005,01/12/2005,109077,2005,12,4,Matched (3)
200601,210102,0.8346154,0.72,0.79,1,Bread,216,01/01/2006,01/01/2006,104610,2006,1,1,Matched (3)
200601,310109,2.295096,2.15,2.3,2.5,Beer,216,01/01/2006,01/01/2006,104610,2006,1,1,Matched (3)
200602,210102,0.8448485,0.72,0.79,1,Bread,217,01/02/2006,01/02/2006,100465,2006,2,1,Matched (3)
200602,310109,2.315178,2.17,2.3,2.5,Beer,217,01/02/2006,01/02/2006,100465,2006,2,1,Matched (3)
200603,210102,0.8423,0.675,0.79,0.995,Bread,218,01/03/2006,01/03/2006,103882,2006,3,1,Matched (3)
200603,310109,2.334251,2.2,2.35,2.5,Beer,218,01/03/2006,01/03/2006,103882,2006,3,1,Matched (3)
200604,210102,0.8658715,0.72,0.79,1,Bread,219,01/04/2006,01/04/2006,107567,2006,4,2,Matched (3)
200604,310109,2.350988,2.2,2.4,2.5,Beer,219,01/04/2006,01/04/2006,107567,2006,4,2,Matched (3)
200605,210102,0.8535922,0.72,0.79,1.02,Bread,220,01/05/2006,01/05/2006,109228,2006,5,2,Matched (3)
200605,310109,2.366971,2.2,2.4,2.55,Beer,220,01/05/2006,01/05/2006,109228,2006,5,2,Matched (3)
200606,310109,2.372062,2.2,2.4,2.55,Beer,221,01/06/2006,01/06/2006,110194,2006,6,2,Matched (3)
200606,210102,0.8649153,0.72,0.815,1,Bread,221,01/06/2006,01/06/2006,110194,2006,6,2,Matched (3)
200607,210102,0.8961111,0.72,0.8200001,1.01,Bread,222,01/07/2006,01/07/2006,107021,2006,7,3,Matched (3)
200607,310109,2.380859,2.205,2.4,2.55,Beer,222,01/07/2006,01/07/2006,107021,2006,7,3,Matched (3)
200608,310109,2.385837,2.22,2.4,2.57,Beer,223,01/08/2006,01/08/2006,105147,2006,8,3,Matched (3)
200608,210102,0.8810909,0.77,0.8200001,1,Bread,223,01/08/2006,01/08/2006,105147,2006,8,3,Matched (3)
200609,210102,0.8875,0.77,0.855,0.995,Bread,224,01/09/2006,01/09/2006,105598,2006,9,3,Matched (3)
200609,310109,2.389596,2.205,2.4,2.585,Beer,224,01/09/2006,01/09/2006,105598,2006,9,3,Matched (3)
200610,310109,2.388156,2.22,2.4,2.55,Beer,225,01/10/2006,01/10/2006,106345,2006,10,4,Matched (3)
200610,210102,0.8882759,0.77,0.805,0.995,Bread,225,01/10/2006,01/10/2006,106345,2006,10,4,Matched (3)
200611,210102,0.9112931,0.77,0.82,0.995,Bread,226,01/11/2006,01/11/2006,107067,2006,11,4,Matched (3)
200611,310109,2.394818,2.23,2.4,2.6,Beer,226,01/11/2006,01/11/2006,107067,2006,11,4,Matched (3)
200612,310109,2.401851,2.25,2.4,2.6,Beer,227,01/12/2006,01/12/2006,107974,2006,12,4,Matched (3)
200612,210102,0.9155932,0.79,0.83,0.99,Bread,227,01/12/2006,01/12/2006,107974,2006,12,4,Matched (3)
200701,210102,0.9255556,0.79,0.86,0.99,Bread,228,01/01/2007,01/01/2007,94734,2007,1,1,Matched (3)
200701,310109,2.388594,2.25,2.4,2.6,Beer,228,01/01/2007,01/01/2007,94734,2007,1,1,Matched (3)
200702,310109,2.398654,2.25,2.44,2.6,Beer,229,01/02/2007,01/02/2007,94993,2007,2,1,Matched (3)
200702,210102,0.9217699,0.79,0.89,1,Bread,229,01/02/2007,01/02/2007,94993,2007,2,1,Matched (3)
200703,310109,2.425077,2.25,2.45,2.6,Beer,230,01/03/2007,01/03/2007,99770,2007,3,1,Matched (3)
200703,210102,0.9188696,0.79,0.86,1.04,Bread,230,01/03/2007,01/03/2007,99770,2007,3,1,Matched (3)
200704,310109,2.444509,2.3,2.5,2.65,Beer,231,01/04/2007,01/04/2007,101168,2007,4,2,Matched (3)
200704,210102,0.9366667,0.84,0.87,0.995,Bread,231,01/04/2007,01/04/2007,101168,2007,4,2,Matched (3)
200705,210102,0.9526829,0.84,0.89,1.02,Bread,232,01/05/2007,01/05/2007,102992,2007,5,2,Matched (3)
200705,310109,2.449216,2.3,2.5,2.65,Beer,232,01/05/2007,01/05/2007,102992,2007,5,2,Matched (3)
200706,210102,0.94576,0.84,0.89,1,Bread,233,01/06/2007,01/06/2007,104456,2007,6,2,Matched (3)
200706,310109,2.457321,2.3,2.5,2.65,Beer,233,01/06/2007,01/06/2007,104456,2007,6,2,Matched (3)
200707,210102,0.9442975,0.84,0.87,1,Bread,234,01/07/2007,01/07/2007,103584,2007,7,3,Matched (3)
200707,310109,2.468623,2.3,2.5,2.65,Beer,234,01/07/2007,01/07/2007,103584,2007,7,3,Matched (3)
200708,210102,0.9786842,0.84,0.91,1.07,Bread,235,01/08/2007,01/08/2007,103198,2007,8,3,Matched (3)
200708,310109,2.461027,2.3,2.5,2.65,Beer,235,01/08/2007,01/08/2007,103198,2007,8,3,Matched (3)
200709,310109,2.466711,2.3,2.5,2.65,Beer,236,01/09/2007,01/09/2007,103769,2007,9,3,Matched (3)
200709,210102,1.014746,0.94,0.94,1.05,Bread,236,01/09/2007,01/09/2007,103769,2007,9,3,Matched (3)
200710,310109,2.467118,2.3,2.5,2.7,Beer,237,01/10/2007,01/10/2007,105114,2007,10,4,Matched (3)
200710,210102,1.006847,0.94,0.97,1.09,Bread,237,01/10/2007,01/10/2007,105114,2007,10,4,Matched (3)
200711,310109,2.4664,2.3,2.5,2.7,Beer,238,01/11/2007,01/11/2007,107436,2007,11,4,Matched (3)
200711,210102,1.052124,0.94,0.99,1.12,Bread,238,01/11/2007,01/11/2007,107436,2007,11,4,Matched (3)
200712,210102,1.082581,0.99,1.025,1.1,Bread,239,01/12/2007,01/12/2007,107286,2007,12,4,Matched (3)
200712,310109,2.472177,2.3,2.5,2.7,Beer,239,01/12/2007,01/12/2007,107286,2007,12,4,Matched (3)
200801,210102,1.07975,0.99,1.03,1.1,Bread,240,01/01/2008,01/01/2008,102691,2008,1,1,Matched (3)
200801,310109,2.462733,2.3,2.5,2.7,Beer,240,01/01/2008,01/01/2008,102691,2008,1,1,Matched (3)
200802,310109,2.487623,2.3,2.54,2.7,Beer,241,01/02/2008,01/02/2008,100511,2008,2,1,Matched (3)
200802,210102,1.065446,0.99,1.03,1.1,Bread,241,01/02/2008,01/02/2008,100511,2008,2,1,Matched (3)
200803,310109,2.518798,2.35,2.55,2.75,Beer,242,01/03/2008,01/03/2008,105118,2008,3,1,Matched (3)
200803,210102,1.074261,0.99,1.05,1.1,Bread,242,01/03/2008,01/03/2008,105118,2008,3,1,Matched (3)
200804,310109,2.580509,2.35,2.6,2.8,Beer,243,01/04/2008,01/04/2008,99887,2008,4,2,Matched (3)
200804,210102,1.140336,1.09,1.09,1.15,Bread,243,01/04/2008,01/04/2008,99887,2008,4,2,Matched (3)
200805,210102,1.153675,1.09,1.09,1.15,Bread,244,01/05/2008,01/05/2008,100583,2008,5,2,Matched (3)
200805,310109,2.585703,2.39,2.6,2.8,Beer,244,01/05/2008,01/05/2008,100583,2008,5,2,Matched (3)
200806,210102,1.143036,1.09,1.09,1.15,Bread,245,01/06/2008,01/06/2008,101446,2008,6,2,Matched (3)
200806,310109,2.590918,2.39,2.62,2.85,Beer,245,01/06/2008,01/06/2008,101446,2008,6,2,Matched (3)
200807,210102,1.148609,1.09,1.09,1.15,Bread,246,01/07/2008,01/07/2008,102214,2008,7,3,Matched (3)
200807,310109,2.587861,2.35,2.65,2.85,Beer,246,01/07/2008,01/07/2008,102214,2008,7,3,Matched (3)
200808,210102,1.158475,1.09,1.09,1.15,Bread,247,01/08/2008,01/08/2008,102314,2008,8,3,Matched (3)
200808,310109,2.588488,2.38,2.635,2.825,Beer,247,01/08/2008,01/08/2008,102314,2008,8,3,Matched (3)
200809,310109,2.591226,2.35,2.61,2.85,Beer,248,01/09/2008,01/09/2008,102828,2008,9,3,Matched (3)
200809,210102,1.160517,1.09,1.09,1.175,Bread,248,01/09/2008,01/09/2008,102828,2008,9,3,Matched (3)
200810,210102,1.166471,1.09,1.09,1.2,Bread,249,01/10/2008,01/10/2008,103994,2008,10,4,Matched (3)
200810,310109,2.594914,2.38,2.65,2.85,Beer,249,01/10/2008,01/10/2008,103994,2008,10,4,Matched (3)
200811,310109,2.602706,2.39,2.65,2.85,Beer,250,01/11/2008,01/11/2008,104756,2008,11,4,Matched (3)
200811,210102,1.186293,1.09,1.09,1.25,Bread,250,01/11/2008,01/11/2008,104756,2008,11,4,Matched (3)
200812,310109,2.601303,2.38,2.65,2.85,Beer,251,01/12/2008,01/12/2008,101854,2008,12,4,Matched (3)
200812,210102,1.181391,1.09,1.09,1.25,Bread,251,01/12/2008,01/12/2008,101854,2008,12,4,Matched (3)
200901,210102,1.184609,1.09,1.09,1.25,Bread,252,01/01/2009,01/01/2009,98184,2009,1,1,Matched (3)
200901,310109,2.599559,2.38,2.65,2.85,Beer,252,01/01/2009,01/01/2009,98184,2009,1,1,Matched (3)
200902,310109,2.609255,2.39,2.65,2.9,Beer,253,01/02/2009,01/02/2009,91764,2009,2,1,Matched (3)
200902,210102,1.177248,1.09,1.09,1.25,Bread,253,01/02/2009,01/02/2009,91764,2009,2,1,Matched (3)
200903,210102,1.155,1,1.09,1.25,Bread,254,01/03/2009,01/03/2009,97144,2009,3,1,Matched (3)
200903,310109,2.623717,2.4,2.7,2.9,Beer,254,01/03/2009,01/03/2009,97144,2009,3,1,Matched (3)
200904,310109,2.634677,2.4,2.7,2.9,Beer,255,01/04/2009,01/04/2009,99211,2009,4,2,Matched (3)
200904,210102,1.146818,1,1.09,1.25,Bread,255,01/04/2009,01/04/2009,99211,2009,4,2,Matched (3)
200905,210102,1.15,1,1.09,1.25,Bread,256,01/05/2009,01/05/2009,100141,2009,5,2,Matched (3)
200905,310109,2.659525,2.4,2.7,2.9,Beer,256,01/05/2009,01/05/2009,100141,2009,5,2,Matched (3)
200906,310109,2.663497,2.4,2.7,2.91,Beer,257,01/06/2009,01/06/2009,99984,2009,6,2,Matched (3)
200906,210102,1.154602,1,1.09,1.25,Bread,257,01/06/2009,01/06/2009,99984,2009,6,2,Matched (3)
200907,210102,1.153661,1,1.09,1.25,Bread,258,01/07/2009,01/07/2009,100430,2009,7,3,Matched (3)
200907,310109,2.669695,2.4,2.7,2.95,Beer,258,01/07/2009,01/07/2009,100430,2009,7,3,Matched (3)
200908,210102,1.149027,1,1.09,1.25,Bread,259,01/08/2009,01/08/2009,101010,2009,8,3,Matched (3)
200908,310109,2.671166,2.4,2.7,2.95,Beer,259,01/08/2009,01/08/2009,101010,2009,8,3,Matched (3)
200909,210102,1.180526,1.09,1.1,1.25,Bread,260,01/09/2009,01/09/2009,102020,2009,9,3,Matched (3)
200909,310109,2.672178,2.4,2.7,2.95,Beer,260,01/09/2009,01/09/2009,102020,2009,9,3,Matched (3)
200910,310109,2.673473,2.445,2.7,2.95,Beer,261,01/10/2009,01/10/2009,102962,2009,10,4,Matched (3)
200910,210102,1.146814,1.05,1.1,1.25,Bread,261,01/10/2009,01/10/2009,102962,2009,10,4,Matched (3)
200911,310109,2.673682,2.43,2.7,2.95,Beer,262,01/11/2009,01/11/2009,104223,2009,11,4,Matched (3)
200911,210102,1.144649,1,1.1,1.25,Bread,262,01/11/2009,01/11/2009,104223,2009,11,4,Matched (3)
200912,210102,1.144561,1,1.1,1.25,Bread,263,01/12/2009,01/12/2009,105319,2009,12,4,Matched (3)
200912,310109,2.67597,2.45,2.7,2.95,Beer,263,01/12/2009,01/12/2009,105319,2009,12,4,Matched (3)
201001,310109,2.676908,2.45,2.75,2.95,Beer,264,01/01/2010,01/01/2010,101545,2010,1,1,Matched (3)
201001,210102,1.140536,1,1.09,1.265,Bread,264,01/01/2010,01/01/2010,101545,2010,1,1,Matched (3)
201002,210102,1.132178,1,1,1.25,Bread,265,01/02/2010,01/02/2010,97889,2010,2,1,Matched (3)
201002,310109,2.734759,2.48,2.8,3,Beer,265,01/02/2010,01/02/2010,97889,2010,2,1,Matched (3)
201003,310109,2.748126,2.5,2.8,3,Beer,266,01/03/2010,01/03/2010,102189,2010,3,1,Matched (3)
201003,210102,1.127826,0.97,1.05,1.25,Bread,266,01/03/2010,01/03/2010,102189,2010,3,1,Matched (3)
201004,310109,2.777233,2.5,2.825,3,Beer,267,01/04/2010,01/04/2010,104566,2010,4,2,Matched (3)
201004,210102,1.128636,0.97,1.07,1.25,Bread,267,01/04/2010,01/04/2010,104566,2010,4,2,Matched (3)
201005,310109,2.785581,2.51,2.85,3.05,Beer,268,01/05/2010,01/05/2010,105655,2010,5,2,Matched (3)
201005,210102,1.138974,1,1.09,1.25,Bread,268,01/05/2010,01/05/2010,105655,2010,5,2,Matched (3)
201006,310109,2.784075,2.55,2.85,3.05,Beer,269,01/06/2010,01/06/2010,106532,2010,6,2,Matched (3)
201006,210102,1.139298,1,1.025,1.25,Bread,269,01/06/2010,01/06/2010,106532,2010,6,2,Matched (3)
201007,210102,1.136759,1,1,1.255,Bread,270,01/07/2010,01/07/2010,107229,2010,7,3,Matched (3)
201007,310109,2.783665,2.505,2.85,3.05,Beer,270,01/07/2010,01/07/2010,107229,2010,7,3,Matched (3)
201008,210102,1.133551,1,1,1.26,Bread,271,01/08/2010,01/08/2010,108091,2010,8,3,Matched (3)
201008,310109,2.78108,2.5,2.85,3.05,Beer,271,01/08/2010,01/08/2010,108091,2010,8,3,Matched (3)
201009,210102,1.119915,0.9,1.05,1.3,Bread,272,01/09/2010,01/09/2010,108500,2010,9,3,Matched (3)
201009,310109,2.780151,2.5,2.85,3.05,Beer,272,01/09/2010,01/09/2010,108500,2010,9,3,Matched (3)
201010,310109,2.781343,2.5,2.85,3.05,Beer,273,01/10/2010,01/10/2010,109466,2010,10,4,Matched (3)
201010,210102,1.199217,1.1,1.1,1.27,Bread,273,01/10/2010,01/10/2010,109466,2010,10,4,Matched (3)
201011,210102,1.205294,1.1,1.1,1.27,Bread,274,01/11/2010,01/11/2010,109784,2010,11,4,Matched (3)
201011,310109,2.801476,2.55,2.85,3.1,Beer,274,01/11/2010,01/11/2010,109784,2010,11,4,Matched (3)
201012,210102,1.210603,1.1,1.1,1.3,Bread,275,01/12/2010,01/12/2010,110303,2010,12,4,Matched (3)
201012,310109,2.811115,2.57,2.9,3.1,Beer,275,01/12/2010,01/12/2010,110303,2010,12,4,Matched (3)
201101,210102,1.24115,1.1,1.2,1.3,Bread,276,01/01/2011,01/01/2011,107592,2011,1,1,Matched (3)
201101,310109,2.856367,2.6,2.9,3.1,Beer,276,01/01/2011,01/01/2011,107592,2011,1,1,Matched (3)
201102,310109,2.865694,2.6,2.905,3.15,Beer,277,01/02/2011,01/02/2011,107243,2011,2,1,Matched (3)
201102,210102,1.271071,1.2,1.2,1.335,Bread,277,01/02/2011,01/02/2011,107243,2011,2,1,Matched (3)
201103,310109,2.867326,2.6,2.9,3.15,Beer,278,01/03/2011,01/03/2011,111703,2011,3,1,Matched (3)
201103,210102,1.257583,1.2,1.2,1.35,Bread,278,01/03/2011,01/03/2011,111703,2011,3,1,Matched (3)
201104,210102,1.273276,1.2,1.2,1.39,Bread,279,01/04/2011,01/04/2011,110135,2011,4,2,Matched (3)
201104,310109,2.913417,2.65,2.95,3.2,Beer,279,01/04/2011,01/04/2011,110135,2011,4,2,Matched (3)
201105,310109,2.922226,2.65,2.95,3.2,Beer,280,01/05/2011,01/05/2011,110905,2011,5,2,Matched (3)
201105,210102,1.27576,1.2,1.2,1.39,Bread,280,01/05/2011,01/05/2011,110905,2011,5,2,Matched (3)
201106,310109,2.927203,2.65,2.95,3.2,Beer,281,01/06/2011,01/06/2011,110923,2011,6,2,Matched (3)
201106,210102,1.286446,1.2,1.2,1.39,Bread,281,01/06/2011,01/06/2011,110923,2011,6,2,Matched (3)
201107,310109,2.933197,2.7,3,3.2,Beer,282,01/07/2011,01/07/2011,110938,2011,7,3,Matched (3)
201107,210102,1.267769,1.19,1.2,1.39,Bread,282,01/07/2011,01/07/2011,110938,2011,7,3,Matched (3)
201108,210102,1.264634,1.1,1.2,1.4,Bread,283,01/08/2011,01/08/2011,111624,2011,8,3,Matched (3)
201108,310109,2.944746,2.7,3,3.2,Beer,283,01/08/2011,01/08/2011,111624,2011,8,3,Matched (3)
201109,310109,2.950498,2.7,2.995,3.2,Beer,284,01/09/2011,01/09/2011,112468,2011,9,3,Matched (3)
201109,210102,1.266017,1.15,1.2,1.4,Bread,284,01/09/2011,01/09/2011,112468,2011,9,3,Matched (3)
201110,310109,2.943295,2.7,3,3.2,Beer,285,01/10/2011,01/10/2011,112689,2011,10,4,Matched (3)
201110,210102,1.281322,1.07,1.25,1.44,Bread,285,01/10/2011,01/10/2011,112689,2011,10,4,Matched (3)
201111,310109,2.949327,2.7,3,3.2,Beer,286,01/11/2011,01/11/2011,112558,2011,11,4,Matched (3)
201111,210102,1.267107,1.2,1.25,1.44,Bread,286,01/11/2011,01/11/2011,112558,2011,11,4,Matched (3)
201112,310109,2.952825,2.7,3,3.2,Beer,287,01/12/2011,01/12/2011,113770,2011,12,4,Matched (3)
201112,210102,1.261475,1.15,1.225,1.44,Bread,287,01/12/2011,01/12/2011,113770,2011,12,4,Matched (3)
201201,310109,2.944896,2.7,3,3.25,Beer,288,01/01/2012,01/01/2012,112915,2012,1,1,Matched (3)
201201,210102,1.317934,1.2,1.26,1.42,Bread,288,01/01/2012,01/01/2012,112915,2012,1,1,Matched (3)
201202,210102,1.321364,1.2,1.2,1.45,Bread,289,01/02/2012,01/02/2012,109908,2012,2,1,Matched (3)
201202,310109,2.974496,2.7,3,3.3,Beer,289,01/02/2012,01/02/2012,109908,2012,2,1,Matched (3)
201203,310109,2.99595,2.7,3,3.3,Beer,290,01/03/2012,01/03/2012,112591,2012,3,1,Matched (3)
201203,210102,1.301638,1.2,1.225,1.45,Bread,290,01/03/2012,01/03/2012,112591,2012,3,1,Matched (3)
201204,210102,1.313884,1.2,1.25,1.45,Bread,291,01/04/2012,01/04/2012,111722,2012,4,2,Matched (3)
201204,310109,3.029633,2.75,3.05,3.4,Beer,291,01/04/2012,01/04/2012,111722,2012,4,2,Matched (3)
201205,310109,3.033058,2.79,3.1,3.365,Beer,292,01/05/2012,01/05/2012,112977,2012,5,2,Matched (3)
201205,210102,1.33918,1.2,1.225,1.49,Bread,292,01/05/2012,01/05/2012,112977,2012,5,2,Matched (3)
201206,210102,1.331949,1.2,1.25,1.49,Bread,293,01/06/2012,01/06/2012,113464,2012,6,2,Matched (3)
201206,310109,3.034218,2.8,3.1,3.39,Beer,293,01/06/2012,01/06/2012,113464,2012,6,2,Matched (3)
201207,310109,3.040265,2.8,3.1,3.4,Beer,294,01/07/2012,01/07/2012,112979,2012,7,3,Matched (3)
201207,210102,1.331129,1.2,1.25,1.49,Bread,294,01/07/2012,01/07/2012,112979,2012,7,3,Matched (3)
201208,310109,3.041488,2.8,3.1,3.4,Beer,295,01/08/2012,01/08/2012,113779,2012,8,3,Matched (3)
201208,210102,1.337913,1.2,1.25,1.49,Bread,295,01/08/2012,01/08/2012,113779,2012,8,3,Matched (3)
201209,310109,3.041989,2.8,3.1,3.39,Beer,296,01/09/2012,01/09/2012,113529,2012,9,3,Matched (3)
201209,210102,1.332149,1.2,1.3,1.49,Bread,296,01/09/2012,01/09/2012,113529,2012,9,3,Matched (3)
201210,210102,1.366098,1.25,1.3,1.49,Bread,297,01/10/2012,01/10/2012,113193,2012,10,4,Matched (3)
201210,310109,3.0425,2.8,3.1,3.4,Beer,297,01/10/2012,01/10/2012,113193,2012,10,4,Matched (3)
201211,210102,1.380406,1.29,1.3,1.49,Bread,298,01/11/2012,01/11/2012,112322,2012,11,4,Matched (3)
201211,310109,3.0581,2.8,3.1,3.4,Beer,298,01/11/2012,01/11/2012,112322,2012,11,4,Matched (3)
201212,310109,3.071552,2.8,3.1,3.4,Beer,299,01/12/2012,01/12/2012,112522,2012,12,4,Matched (3)
201212,210102,1.408984,1.29,1.3,1.49,Bread,299,01/12/2012,01/12/2012,112522,2012,12,4,Matched (3)
201301,210102,1.381349,1.25,1.3,1.49,Bread,300,01/01/2013,01/01/2013,112470,2013,1,1,Matched (3)
201301,310109,3.071286,2.8,3.1,3.4,Beer,300,01/01/2013,01/01/2013,112470,2013,1,1,Matched (3)
201302,310109,3.084547,2.8,3.12,3.4,Beer,301,01/02/2013,01/02/2013,108915,2013,2,1,Matched (3)
201302,210102,1.385,1.3,1.3,1.49,Bread,301,01/02/2013,01/02/2013,108915,2013,2,1,Matched (3)
201303,210102,1.38775,1.3,1.3,1.49,Bread,302,01/03/2013,01/03/2013,112073,2013,3,1,Matched (3)
201303,310109,3.087829,2.8,3.1,3.4,Beer,302,01/03/2013,01/03/2013,112073,2013,3,1,Matched (3)
201304,310109,3.11431,2.85,3.15,3.45,Beer,303,01/04/2013,01/04/2013,111932,2013,4,2,Matched (3)
201304,210102,1.399832,1.3,1.3,1.49,Bread,303,01/04/2013,01/04/2013,111932,2013,4,2,Matched (3)
201305,310109,3.112767,2.85,3.15,3.45,Beer,304,01/05/2013,01/05/2013,112460,2013,5,2,Matched (3)
201305,210102,1.399063,1.3,1.3,1.49,Bread,304,01/05/2013,01/05/2013,112460,2013,5,2,Matched (3)
201306,310109,3.113935,2.85,3.15,3.45,Beer,305,01/06/2013,01/06/2013,113182,2013,6,2,Matched (3)
201306,210102,1.406281,1.3,1.3,1.49,Bread,305,01/06/2013,01/06/2013,113182,2013,6,2,Matched (3)
201307,210102,1.406639,1.3,1.3,1.49,Bread,306,01/07/2013,01/07/2013,110722,2013,7,3,Matched (3)
201307,310109,3.12654,2.85,3.15,3.49,Beer,306,01/07/2013,01/07/2013,110722,2013,7,3,Matched (3)
201308,310109,3.123251,2.85,3.15,3.5,Beer,307,01/08/2013,01/08/2013,111818,2013,8,3,Matched (3)
201308,210102,1.41735,1.3,1.3,1.49,Bread,307,01/08/2013,01/08/2013,111818,2013,8,3,Matched (3)
201309,210102,1.415739,1.3,1.3,1.49,Bread,308,01/09/2013,01/09/2013,111942,2013,9,3,Matched (3)
201309,310109,3.123384,2.85,3.15,3.5,Beer,308,01/09/2013,01/09/2013,111942,2013,9,3,Matched (3)
201310,310109,3.121867,2.85,3.15,3.5,Beer,309,01/10/2013,01/10/2013,112357,2013,10,4,Matched (3)
201310,210102,1.381525,1.3,1.3,1.49,Bread,309,01/10/2013,01/10/2013,112357,2013,10,4,Matched (3)
201311,310109,3.130832,2.85,3.17,3.5,Beer,310,01/11/2013,01/11/2013,111887,2013,11,4,Matched (3)
201311,210102,1.389167,1.3,1.3,1.55,Bread,310,01/11/2013,01/11/2013,111887,2013,11,4,Matched (3)
201312,310109,3.134198,2.85,3.16,3.5,Beer,311,01/12/2013,01/12/2013,112786,2013,12,4,Matched (3)
201312,210102,1.382609,1.3,1.3,1.5,Bread,311,01/12/2013,01/12/2013,112786,2013,12,4,Matched (3)
201401,210102,1.387692,1.3,1.3,1.55,Bread,312,01/01/2014,01/01/2014,113219,2014,1,1,Matched (3)
201401,310109,3.134597,2.85,3.17,3.5,Beer,312,01/01/2014,01/01/2014,113219,2014,1,1,Matched (3)
201402,210102,1.386789,1.3,1.3,1.49,Bread,313,01/02/2014,01/02/2014,108434,2014,2,1,Matched (3)
201402,310109,3.137739,2.84,3.17,3.5,Beer,313,01/02/2014,01/02/2014,108434,2014,2,1,Matched (3)
201403,310109,3.145152,2.85,3.15,3.5,Beer,314,01/03/2014,01/03/2014,111378,2014,3,1,Matched (3)
201403,210102,1.36708,1.3,1.3,1.49,Bread,314,01/03/2014,01/03/2014,111378,2014,3,1,Matched (3)
201404,310109,3.148861,2.85,3.15,3.55,Beer,315,01/04/2014,01/04/2014,110845,2014,4,2,Matched (3)
201404,210102,1.399304,1.3,1.3,1.49,Bread,315,01/04/2014,01/04/2014,110845,2014,4,2,Matched (3)
201405,310109,3.1623,2.85,3.19,3.6,Beer,316,01/05/2014,01/05/2014,111915,2014,5,2,Matched (3)
201405,210102,1.367983,1.3,1.3,1.4,Bread,316,01/05/2014,01/05/2014,111915,2014,5,2,Matched (3)
201406,310109,3.158728,2.85,3.19,3.55,Beer,317,01/06/2014,01/06/2014,112673,2014,6,2,Matched (3)
201406,210102,1.397542,1.3,1.3,1.4,Bread,317,01/06/2014,01/06/2014,112673,2014,6,2,Matched (3)
201407,210102,1.397143,1.3,1.3,1.4,Bread,318,01/07/2014,01/07/2014,110263,2014,7,3,Matched (3)
201407,310109,3.159096,2.85,3.19,3.55,Beer,318,01/07/2014,01/07/2014,110263,2014,7,3,Matched (3)
201408,210102,1.376017,1.3,1.3,1.4,Bread,319,01/08/2014,01/08/2014,111493,2014,8,3,Matched (3)
201408,310109,3.170594,2.865,3.19,3.6,Beer,319,01/08/2014,01/08/2014,111493,2014,8,3,Matched (3)
201409,310109,3.171067,2.85,3.19,3.6,Beer,320,01/09/2014,01/09/2014,111704,2014,9,3,Matched (3)
201409,210102,1.344957,1.3,1.3,1.4,Bread,320,01/09/2014,01/09/2014,111704,2014,9,3,Matched (3)
201410,210102,1.336639,1.3,1.3,1.4,Bread,321,01/10/2014,01/10/2014,111105,2014,10,4,Matched (3)
201410,310109,3.189803,2.89,3.2,3.6,Beer,321,01/10/2014,01/10/2014,111105,2014,10,4,Matched (3)
201411,310109,3.188735,2.89,3.2,3.6,Beer,322,01/11/2014,01/11/2014,111793,2014,11,4,Matched (3)
201411,210102,1.323719,1.3,1.3,1.4,Bread,322,01/11/2014,01/11/2014,111793,2014,11,4,Matched (3)
201412,310109,3.192574,2.89,3.2,3.6,Beer,323,01/12/2014,01/12/2014,111959,2014,12,4,Matched (3)
201412,210102,1.355417,1.3,1.3,1.4,Bread,323,01/12/2014,01/12/2014,111959,2014,12,4,Matched (3)
201501,310109,3.19195,2.895,3.2,3.6,Beer,324,01/01/2015,01/01/2015,112492,2015,1,1,Matched (3)
201501,210102,1.33819,1.29,1.3,1.4,Bread,324,01/01/2015,01/01/2015,112492,2015,1,1,Matched (3)
201502,310109,3.209793,2.9,3.2,3.6,Beer,325,01/02/2015,01/02/2015,110362,2015,2,1,Matched (3)
201502,210102,1.332857,1.245,1.3,1.4,Bread,325,01/02/2015,01/02/2015,110362,2015,2,1,Matched (3)
201503,210102,1.291491,1,1.3,1.4,Bread,326,01/03/2015,01/03/2015,113759,2015,3,1,Matched (3)
201503,310109,3.218426,2.89,3.2,3.6,Beer,326,01/03/2015,01/03/2015,113759,2015,3,1,Matched (3)
201504,310109,3.217003,2.89,3.2,3.6,Beer,327,01/04/2015,01/04/2015,115935,2015,4,2,Matched (3)
201504,210102,1.281429,1,1.3,1.4,Bread,327,01/04/2015,01/04/2015,115935,2015,4,2,Matched (3)
201505,310109,3.219975,2.9,3.25,3.6,Beer,328,01/05/2015,01/05/2015,116093,2015,5,2,Matched (3)
201505,210102,1.22437,1,1.1,1.4,Bread,328,01/05/2015,01/05/2015,116093,2015,5,2,Matched (3)
201506,210102,1.212314,1,1.09,1.4,Bread,329,01/06/2015,01/06/2015,116584,2015,6,2,Matched (3)
201506,310109,3.225835,2.89,3.25,3.65,Beer,329,01/06/2015,01/06/2015,116584,2015,6,2,Matched (3)
201507,310109,3.226542,2.9,3.25,3.65,Beer,330,01/07/2015,01/07/2015,114886,2015,7,3,Matched (3)
201507,210102,1.214874,1,1.09,1.4,Bread,330,01/07/2015,01/07/2015,114886,2015,7,3,Matched (3)
201508,210102,1.197034,1,1.09,1.4,Bread,331,01/08/2015,01/08/2015,115736,2015,8,3,Matched (3)
201508,310109,3.217971,2.89,3.25,3.65,Beer,331,01/08/2015,01/08/2015,115736,2015,8,3,Matched (3)
201509,310109,3.21563,2.89,3.25,3.65,Beer,332,01/09/2015,01/09/2015,115298,2015,9,3,Matched (3)
201509,210102,1.189911,1,1.09,1.345,Bread,332,01/09/2015,01/09/2015,115298,2015,9,3,Matched (3)
201510,210102,1.198919,1,1.09,1.39,Bread,333,01/10/2015,01/10/2015,114195,2015,10,4,Matched (3)
201510,310109,3.230198,2.9,3.25,3.675,Beer,333,01/10/2015,01/10/2015,114195,2015,10,4,Matched (3)
201511,210102,1.217863,1,1.09,1.4,Bread,334,01/11/2015,01/11/2015,114300,2015,11,4,Matched (3)
201511,310109,3.242236,2.9,3.25,3.7,Beer,334,01/11/2015,01/11/2015,114300,2015,11,4,Matched (3)
201512,310109,3.249044,2.905,3.29,3.7,Beer,335,01/12/2015,01/12/2015,114817,2015,12,4,Matched (3)
201512,210102,1.198898,1,1.09,1.39,Bread,335,01/12/2015,01/12/2015,114817,2015,12,4,Matched (3)
201601,210102,1.200526,1,1.09,1.3,Bread,336,01/01/2016,01/01/2016,115217,2016,1,1,Matched (3)
201601,310109,3.241125,2.9,3.25,3.7,Beer,336,01/01/2016,01/01/2016,115217,2016,1,1,Matched (3)
201602,210102,1.198641,1,1,1.4,Bread,337,01/02/2016,01/02/2016,111438,2016,2,1,Matched (3)
201602,310109,3.23757,2.94,3.25,3.7,Beer,337,01/02/2016,01/02/2016,111438,2016,2,1,Matched (3)
201603,310109,3.247884,2.95,3.25,3.69,Beer,338,01/03/2016,01/03/2016,114522,2016,3,1,Matched (3)
201603,210102,1.211157,1,1.09,1.39,Bread,338,01/03/2016,01/03/2016,114522,2016,3,1,Matched (3)
201604,210102,1.212269,1,1.09,1.39,Bread,339,01/04/2016,01/04/2016,116360,2016,4,2,Matched (3)
201604,310109,3.266486,2.95,3.25,3.7,Beer,339,01/04/2016,01/04/2016,116360,2016,4,2,Matched (3)
201605,310109,3.272759,2.95,3.29,3.7,Beer,340,01/05/2016,01/05/2016,116741,2016,5,2,Matched (3)
201605,210102,1.216885,1,1.09,1.39,Bread,340,01/05/2016,01/05/2016,116741,2016,5,2,Matched (3)
201606,310109,3.278374,2.99,3.29,3.7,Beer,341,01/06/2016,01/06/2016,114788,2016,6,2,Matched (3)
201606,210102,1.205167,1,1.09,1.39,Bread,341,01/06/2016,01/06/2016,114788,2016,6,2,Matched (3)
201607,210102,1.21425,1,1.09,1.39,Bread,342,01/07/2016,01/07/2016,115033,2016,7,3,Matched (3)
201607,310109,3.279554,2.99,3.27,3.7,Beer,342,01/07/2016,01/07/2016,115033,2016,7,3,Matched (3)
201608,310109,3.283787,2.99,3.295,3.7,Beer,343,01/08/2016,01/08/2016,113719,2016,8,3,Matched (3)
201608,210102,1.22296,1,1.09,1.39,Bread,343,01/08/2016,01/08/2016,113719,2016,8,3,Matched (3)
201609,310109,3.293735,2.99,3.3,3.75,Beer,344,01/09/2016,01/09/2016,114318,2016,9,3,Matched (3)
201609,210102,1.208781,1,1.09,1.39,Bread,344,01/09/2016,01/09/2016,114318,2016,9,3,Matched (3)
201610,310109,3.299778,2.99,3.3,3.7,Beer,345,01/10/2016,01/10/2016,114629,2016,10,4,Matched (3)
201610,210102,1.197946,1,1.09,1.395,Bread,345,01/10/2016,01/10/2016,114629,2016,10,4,Matched (3)
201611,310109,3.311,3,3.3,3.75,Beer,346,01/11/2016,01/11/2016,114503,2016,11,4,Matched (3)
201611,210102,1.23,1,1.1,1.39,Bread,346,01/11/2016,01/11/2016,114503,2016,11,4,Matched (3)
201612,310109,3.304275,2.99,3.3,3.75,Beer,347,01/12/2016,01/12/2016,115774,2016,12,4,Matched (3)
201612,210102,1.251849,1,1.2,1.39,Bread,347,01/12/2016,01/12/2016,115774,2016,12,4,Matched (3)
201701,210102,1.243504,1,1.2,1.39,Bread,348,01/01/2017,01/01/2017,115625,2017,1,1,Matched (3)
201701,310109,3.298486,2.99,3.3,3.7,Beer,348,01/01/2017,01/01/2017,115625,2017,1,1,Matched (3)
201702,310109,3.303106,2.99,3.3,3.8,Beer,349,01/02/2017,01/02/2017,114063,2017,2,1,Matched (3)
201702,210102,1.217685,1,1.09,1.39,Bread,349,01/02/2017,01/02/2017,114063,2017,2,1,Matched (3)
201703,310109,3.329352,2.99,3.3,3.8,Beer,350,01/03/2017,01/03/2017,115516,2017,3,1,Matched (3)
201703,210102,1.188426,1,1.09,1.39,Bread,350,01/03/2017,01/03/2017,115516,2017,3,1,Matched (3)
201704,310109,3.361224,2.99,3.35,3.85,Beer,351,01/04/2017,01/04/2017,116889,2017,4,2,Matched (3)
201704,210102,1.207241,1,1.09,1.39,Bread,351,01/04/2017,01/04/2017,116889,2017,4,2,Matched (3)
201705,310109,3.370277,2.99,3.4,3.85,Beer,352,01/05/2017,01/05/2017,117233,2017,5,2,Matched (3)
201705,210102,1.212397,1,1.09,1.39,Bread,352,01/05/2017,01/05/2017,117233,2017,5,2,Matched (3)
201706,210102,1.222797,1,1.2,1.39,Bread,353,01/06/2017,01/06/2017,117390,2017,6,2,Matched (3)
201706,310109,3.384612,2.99,3.4,3.9,Beer,353,01/06/2017,01/06/2017,117390,2017,6,2,Matched (3)
201707,310109,3.387805,2.99,3.4,3.9,Beer,354,01/07/2017,01/07/2017,117692,2017,7,3,Matched (3)
201707,210102,1.18576,1,1.09,1.39,Bread,354,01/07/2017,01/07/2017,117692,2017,7,3,Matched (3)
201708,310109,3.388608,3,3.4,3.9,Beer,355,01/08/2017,01/08/2017,117018,2017,8,3,Matched (3)
201708,210102,1.181818,1,1.09,1.35,Bread,355,01/08/2017,01/08/2017,117018,2017,8,3,Matched (3)
201709,210102,1.207647,1,1.09,1.39,Bread,356,01/09/2017,01/09/2017,117013,2017,9,3,Matched (3)
201709,310109,3.387218,2.99,3.4,3.9,Beer,356,01/09/2017,01/09/2017,117013,2017,9,3,Matched (3)
201710,210102,1.20576,1,1.1,1.39,Bread,357,01/10/2017,01/10/2017,116488,2017,10,4,Matched (3)
201710,310109,3.391961,2.99,3.4,3.9,Beer,357,01/10/2017,01/10/2017,116488,2017,10,4,Matched (3)
201711,310109,3.40603,2.99,3.4,3.9,Beer,358,01/11/2017,01/11/2017,116285,2017,11,4,Matched (3)
201711,210102,1.212064,1,1.1,1.3,Bread,358,01/11/2017,01/11/2017,116285,2017,11,4,Matched (3)
201712,310109,3.412366,2.99,3.4,3.9,Beer,359,01/12/2017,01/12/2017,117146,2017,12,4,Matched (3)
201712,210102,1.225714,1.09,1.1,1.39,Bread,359,01/12/2017,01/12/2017,117146,2017,12,4,Matched (3)
201801,310109,3.418735,3,3.4,3.9,Beer,360,01/01/2018,01/01/2018,116458,2018,1,1,Matched (3)
201801,210102,1.222759,1.09,1.1,1.3,Bread,360,01/01/2018,01/01/2018,116458,2018,1,1,Matched (3)
201802,210102,1.221892,1.1,1.1,1.3,Bread,361,01/02/2018,01/02/2018,122581,2018,2,1,Matched (3)
201802,310109,3.397888,2.99,3.4,3.9,Beer,361,01/02/2018,01/02/2018,122581,2018,2,1,Matched (3)
201803,210102,1.229304,1.1,1.1,1.3,Bread,362,01/03/2018,01/03/2018,125211,2018,3,1,Matched (3)
201803,310109,3.411486,2.99,3.4,3.9,Beer,362,01/03/2018,01/03/2018,125211,2018,3,1,Matched (3)
201804,210102,1.202017,1.09,1.1,1.3,Bread,363,01/04/2018,01/04/2018,126219,2018,4,2,Matched (3)
201804,310109,3.42269,3,3.4,3.9,Beer,363,01/04/2018,01/04/2018,126219,2018,4,2,Matched (3)
201805,210102,1.214397,1.1,1.1,1.3,Bread,364,01/05/2018,01/05/2018,126941,2018,5,2,Matched (3)
201805,310109,3.431181,3,3.45,3.9,Beer,364,01/05/2018,01/05/2018,126941,2018,5,2,Matched (3)
201806,210102,1.210894,1.09,1.1,1.3,Bread,365,01/06/2018,01/06/2018,126695,2018,6,2,Matched (3)
201806,310109,3.432209,2.99,3.45,3.9,Beer,365,01/06/2018,01/06/2018,126695,2018,6,2,Matched (3)
201807,310109,3.437469,2.99,3.45,3.9,Beer,366,01/07/2018,01/07/2018,124520,2018,7,3,Matched (3)
201807,210102,1.23569,1.1,1.1,1.3,Bread,366,01/07/2018,01/07/2018,124520,2018,7,3,Matched (3)
201808,210102,1.24,1.1,1.1,1.3,Bread,367,01/08/2018,01/08/2018,124079,2018,8,3,Matched (3)
201808,310109,3.431638,2.99,3.45,3.9,Beer,367,01/08/2018,01/08/2018,124079,2018,8,3,Matched (3)
201809,310109,3.440099,2.99,3.45,3.9,Beer,368,01/09/2018,01/09/2018,124265,2018,9,3,Matched (3)
201809,210102,1.234435,1.1,1.1,1.3,Bread,368,01/09/2018,01/09/2018,124265,2018,9,3,Matched (3)
201810,310109,3.436799,2.99,3.45,3.9,Beer,369,01/10/2018,01/10/2018,124191,2018,10,4,Matched (3)
201810,210102,1.254783,1.1,1.1,1.4,Bread,369,01/10/2018,01/10/2018,124191,2018,10,4,Matched (3)
201811,310109,3.453722,2.99,3.49,3.9,Beer,370,01/11/2018,01/11/2018,123289,2018,11,4,Matched (3)
201811,210102,1.239053,1.1,1.1,1.25,Bread,370,01/11/2018,01/11/2018,123289,2018,11,4,Matched (3)
201812,310109,3.452531,2.99,3.49,3.9,Beer,371,01/12/2018,01/12/2018,125381,2018,12,4,Matched (3)
201812,210102,1.264956,1.1,1.2,1.3,Bread,371,01/12/2018,01/12/2018,125381,2018,12,4,Matched (3)
201901,310109,3.444439,2.99,3.45,3.9,Beer,372,01/01/2019,01/01/2019,125531,2019,1,1,Matched (3)
201901,210102,1.2541,1.1,1.2,1.325,Bread,372,01/01/2019,01/01/2019,125531,2019,1,1,Matched (3)
201902,310109,3.450997,2.99,3.5,3.95,Beer,373,01/02/2019,01/02/2019,124018,2019,2,1,Matched (3)
201902,210102,1.265854,1.1,1.2,1.4,Bread,373,01/02/2019,01/02/2019,124018,2019,2,1,Matched (3)
201903,210102,1.253878,1.1,1.2,1.35,Bread,374,01/03/2019,01/03/2019,127885,2019,3,1,Matched (3)
201903,310109,3.47309,2.95,3.5,3.99,Beer,374,01/03/2019,01/03/2019,127885,2019,3,1,Matched (3)
201904,310109,3.494439,2.95,3.5,4,Beer,375,01/04/2019,01/04/2019,128853,2019,4,2,Matched (3)
201904,210102,1.279333,1.1,1.2,1.35,Bread,375,01/04/2019,01/04/2019,128853,2019,4,2,Matched (3)
201905,310109,3.494851,2.95,3.5,4,Beer,376,01/05/2019,01/05/2019,128682,2019,5,2,Matched (3)
201905,210102,1.280571,1.1,1.2,1.35,Bread,376,01/05/2019,01/05/2019,128682,2019,5,2,Matched (3)
201906,210102,1.276286,1.1,1.2,1.35,Bread,377,01/06/2019,01/06/2019,129075,2019,6,2,Matched (3)
201906,310109,3.49363,2.95,3.5,4,Beer,377,01/06/2019,01/06/2019,129075,2019,6,2,Matched (3)
201907,310109,3.495658,2.95,3.5,4,Beer,378,01/07/2019,01/07/2019,128486,2019,7,3,Matched (3)
201907,210102,1.270187,1.1,1.2,1.35,Bread,378,01/07/2019,01/07/2019,128486,2019,7,3,Matched (3)
201908,310109,3.503015,2.95,3.5,4,Beer,379,01/08/2019,01/08/2019,127479,2019,8,3,Matched (3)
201908,210102,1.258191,1.1,1.1,1.35,Bread,379,01/08/2019,01/08/2019,127479,2019,8,3,Matched (3)
201909,210102,1.264679,1.1,1.2,1.35,Bread,380,01/09/2019,01/09/2019,127702,2019,9,3,Matched (3)
201909,310109,3.517698,2.95,3.55,4,Beer,380,01/09/2019,01/09/2019,127702,2019,9,3,Matched (3)
201910,210102,1.267353,1.1,1.125,1.35,Bread,381,01/10/2019,01/10/2019,127514,2019,10,4,Matched (3)
201910,310109,3.515416,2.95,3.55,4,Beer,381,01/10/2019,01/10/2019,127514,2019,10,4,Matched (3)
201911,210102,1.247048,1.1,1.1,1.25,Bread,382,01/11/2019,01/11/2019,127910,2019,11,4,Matched (3)
201911,310109,3.53,2.99,3.55,4,Beer,382,01/11/2019,01/11/2019,127910,2019,11,4,Matched (3)
201912,210102,1.281524,1.1,1.2,1.35,Bread,383,01/12/2019,01/12/2019,127767,2019,12,4,Matched (3)
201912,310109,3.527934,2.99,3.55,4,Beer,383,01/12/2019,01/12/2019,127767,2019,12,4,Matched (3)
202001,210102,1.276147,1.1,1.15,1.35,Bread,384,01/01/2020,01/01/2020,127661,2020,1,1,Matched (3)
202001,310109,3.53309,2.95,3.55,4,Beer,384,01/01/2020,01/01/2020,127661,2020,1,1,Matched (3)
202002,210102,1.250485,1.1,1.1,1.35,Bread,385,01/02/2020,01/02/2020,126570,2020,2,1,Matched (3)
202002,310109,3.52876,2.95,3.55,4,Beer,385,01/02/2020,01/02/2020,126570,2020,2,1,Matched (3)
202003,310109,3.528491,2.95,3.55,4.1,Beer,386,01/03/2020,01/03/2020,118933,2020,3,1,Matched (3)
202003,210102,1.236081,1.1,1.1,1.25,Bread,386,01/03/2020,01/03/2020,118933,2020,3,1,Matched (3)
202004,210102,1.2,1.1,1.1,1.1,Bread,387,01/04/2020,01/04/2020,74251,2020,4,2,Matched (3)
202005,210102,1.188077,1.1,1.1,1.1,Bread,388,01/05/2020,01/05/2020,85259,2020,5,2,Matched (3)
202006,210102,1.16875,1.1,1.1,1.1,Bread,389,01/06/2020,01/06/2020,94010,2020,6,2,Matched (3)
202007,210102,1.23,1.1,1.1,1.35,Bread,390,01/07/2020,01/07/2020,102371,2020,7,3,Matched (3)
202007,310109,3.363956,2.79,3.4,3.95,Beer,390,01/07/2020,01/07/2020,102371,2020,7,3,Matched (3)
202008,310109,3.522211,2.9,3.5,4.1,Beer,391,01/08/2020,01/08/2020,112987,2020,8,3,Matched (3)
202008,210102,1.21494,1.1,1.1,1.35,Bread,391,01/08/2020,01/08/2020,112987,2020,8,3,Matched (3)
202009,310109,3.545833,2.95,3.55,4.1,Beer,392,01/09/2020,01/09/2020,116062,2020,9,3,Matched (3)
202009,210102,1.24931,1.1,1.1,1.3,Bread,392,01/09/2020,01/09/2020,116062,2020,9,3,Matched (3)
202010,210102,1.286404,1.1,1.1,1.3,Bread,393,01/10/2020,01/10/2020,116826,2020,10,4,Matched (3)
202010,310109,3.561342,2.95,3.55,4.15,Beer,393,01/10/2020,01/10/2020,116826,2020,10,4,Matched (3)
202011,210102,1.219444,1.1,1.1,1.3,Bread,394,01/11/2020,01/11/2020,82553,2020,11,4,Matched (3)
202012,310109,3.689758,2.95,3.7,4.35,Beer,395,01/12/2020,01/12/2020,94790,2020,12,4,Matched (3)
202012,210102,1.220536,1.1,1.1,1.3,Bread,395,01/12/2020,01/12/2020,94790,2020,12,4,Matched (3)
202101,210102,1.192361,1.1,1.1,1.2,Bread,396,01/01/2021,01/01/2021,94079,2021,1,1,Matched (3)
202102,210102,1.187183,1.1,1.1,1.1,Bread,397,01/02/2021,01/02/2021,98049,2021,2,1,Matched (3)
202103,210102,1.218784,1.1,1.1,1.3,Bread,398,01/03/2021,01/03/2021,100972,2021,3,1,Matched (3)
202104,210102,1.218289,1.1,1.1,1.225,Bread,399,01/04/2021,01/04/2021,102092,2021,4,2,Matched (3)
202105,310109,3.425692,2.59,3.45,4.25,Beer,400,01/05/2021,01/05/2021,95210,2021,5,2,Matched (3)
202105,210102,1.246833,1.1,1.1,1.3,Bread,400,01/05/2021,01/05/2021,95210,2021,5,2,Matched (3)
202106,310109,3.506187,2.69,3.5,4.275,Beer,401,01/06/2021,01/06/2021,109408,2021,6,2,Matched (3)
202106,210102,1.312692,1.1,1.15,1.5,Bread,401,01/06/2021,01/06/2021,109408,2021,6,2,Matched (3)
202107,310109,3.590336,2.89,3.59,4.25,Beer,402,01/07/2021,01/07/2021,122056,2021,7,3,Matched (3)
202107,210102,1.287527,1.1,1.15,1.4,Bread,402,01/07/2021,01/07/2021,122056,2021,7,3,Matched (3)
202108,310109,3.599222,2.89,3.6,4.25,Beer,403,01/08/2021,01/08/2021,123477,2021,8,3,Matched (3)
202108,210102,1.286667,1.1,1.15,1.4,Bread,403,01/08/2021,01/08/2021,123477,2021,8,3,Matched (3)
202109,310109,3.62418,2.9,3.6,4.25,Beer,404,01/09/2021,01/09/2021,122686,2021,9,3,Matched (3)
202109,210102,1.28914,1.1,1.15,1.4,Bread,404,01/09/2021,01/09/2021,122686,2021,9,3,Matched (3)
202110,210102,1.300543,1.15,1.15,1.4,Bread,405,01/10/2021,01/10/2021,123103,2021,10,4,Matched (3)
202110,310109,3.65733,3,3.6,4.3,Beer,405,01/10/2021,01/10/2021,123103,2021,10,4,Matched (3)
202111,210102,1.289888,1.15,1.15,1.4,Bread,406,01/11/2021,01/11/2021,123532,2021,11,4,Matched (3)
202111,310109,3.684568,3,3.65,4.3,Beer,406,01/11/2021,01/11/2021,123532,2021,11,4,Matched (3)
202112,210102,1.323034,1.15,1.15,1.4,Bread,407,01/12/2021,01/12/2021,123086,2021,12,4,Matched (3)
202112,310109,3.6955,2.995,3.675,4.4,Beer,407,01/12/2021,01/12/2021,123086,2021,12,4,Matched (3)
202201,310109,3.731416,3.1,3.7,4.4,Beer,408,01/01/2022,01/01/2022,123655,2022,1,1,Matched (3)
202201,210102,1.330947,1.15,1.15,1.45,Bread,408,01/01/2022,01/01/2022,123655,2022,1,1,Matched (3)
202202,210102,1.323108,1.15,1.15,1.5,Bread,409,01/02/2022,01/02/2022,121928,2022,2,1,Matched (3)
202202,310109,3.737608,3.19,3.7,4.35,Beer,409,01/02/2022,01/02/2022,121928,2022,2,1,Matched (3)
202203,310109,3.794773,3.19,3.75,4.4,Beer,410,01/03/2022,01/03/2022,125713,2022,3,1,Matched (3)
202203,210102,1.363187,1.15,1.15,1.5,Bread,410,01/03/2022,01/03/2022,125713,2022,3,1,Matched (3)
202204,210102,1.351798,1.15,1.15,1.5,Bread,411,01/04/2022,01/04/2022,127157,2022,4,2,Matched (3)
202204,310109,3.843767,3.2,3.8,4.5,Beer,411,01/04/2022,01/04/2022,127157,2022,4,2,Matched (3)
202205,310109,3.861196,3.29,3.85,4.5,Beer,412,01/05/2022,01/05/2022,127155,2022,5,2,Matched (3)
202205,210102,1.356,1.15,1.2,1.5,Bread,412,01/05/2022,01/05/2022,127155,2022,5,2,Matched (3)
202206,310109,3.863539,3.29,3.85,4.5,Beer,413,01/06/2022,01/06/2022,127526,2022,6,2,Matched (3)
202206,210102,1.408721,1.2,1.2,1.5,Bread,413,01/06/2022,01/06/2022,127526,2022,6,2,Matched (3)
202207,310109,3.856979,3.25,3.85,4.5,Beer,414,01/07/2022,01/07/2022,127040,2022,7,3,Matched (3)
202207,210102,1.436471,1.2,1.25,1.6,Bread,414,01/07/2022,01/07/2022,127040,2022,7,3,Matched (3)
202208,310109,3.88622,3.2,3.9,4.55,Beer,415,01/08/2022,01/08/2022,125392,2022,8,3,Matched (3)
202208,210102,1.440562,1.2,1.25,1.65,Bread,415,01/08/2022,01/08/2022,125392,2022,8,3,Matched (3)
202209,210102,1.464667,1.2,1.225,1.8,Bread,416,01/09/2022,01/09/2022,125502,2022,9,3,Matched (3)
202209,310109,3.892819,3.2,3.925,4.575,Beer,416,01/09/2022,01/09/2022,125502,2022,9,3,Matched (3)
202210,210102,1.534468,1.2,1.25,1.8,Bread,417,01/10/2022,01/10/2022,125741,2022,10,4,Matched (3)
202210,310109,3.919129,3.2,3.95,4.65,Beer,417,01/10/2022,01/10/2022,125741,2022,10,4,Matched (3)
202211,210102,1.554783,1.2,1.3,1.85,Bread,418,01/11/2022,01/11/2022,124635,2022,11,4,Matched (3)
202211,310109,3.938525,3.25,3.95,4.6,Beer,418,01/11/2022,01/11/2022,124635,2022,11,4,Matched (3)
198808,,,,,,,7,01/08/1988,01/08/1988,0,1988,8,3,Using only (2)
198902,,,,,,,13,01/02/1989,01/02/1989,0,1989,2,1,Using only (2)